key,datetime,img_urls/0,caption,img_urls/1,img_urls/2,img_urls/3,img_urls/4,img_urls/5,img_urls/6,img_urls/7,img_urls/8,img_urls/9,img_urls/10
https://www.instagram.com/p/B0Vdw-lhkQz/,2019-07-25T09:53:09.000Z,https://scontent-icn1-1.cdninstagram.com/vp/49611e08013e8d0fe45902a85f05bd2e/5D3BE4BD/t51.2885-15/e35/66204089_176795990013097_8534385973015879339_n.jpg?_nc_ht=scontent-icn1-1.cdninstagram.com&_nc_cat=101,,,,,,,,,,,
https://www.instagram.com/p/B0VJVIdjMTJ/,2019-07-25T06:54:19.000Z,https://scontent-icn1-1.cdninstagram.com/vp/19a15e5ae078cb4be95e3617d888ac10/5DDEA65D/t51.2885-15/e35/s1080x1080/66105935_419932171953425_8530553826420285926_n.jpg?_nc_ht=scontent-icn1-1.cdninstagram.com&_nc_cat=105,"-
축지법 !
#킥고잉",,,,,,,,,,
https://www.instagram.com/p/B0VDazAhM6e/,2019-07-25T06:02:40.000Z,https://scontent-icn1-1.cdninstagram.com/vp/f2b5a1adacbdd17ec345d7e09f8ac2e3/5DDF5818/t51.2885-15/e35/s1080x1080/67183587_482716982273614_8004033129445555750_n.jpg?_nc_ht=scontent-icn1-1.cdninstagram.com&_nc_cat=110,술 한잔 마셨습니다... 인스타가 잘 안되도 좋습니다. 하지만 킥고잉 하나만 기억해두세요 진심을 다해 전합니다. 게시글이 별로 일수 있습니다 공짜쿠폰이 너무 받고싶습니다 ... 집사주제에 쿠폰에 눈이멀어 열심히 썼습니다 저의 진심이 느껴지길 바랍니다 고맙습니다... #킥고잉 #21세기축지법 #킥고잉꿀잼,,,,,,,,,,
https://www.instagram.com/p/B0U6rgUl-bE/,2019-07-25T04:46:18.000Z,https://scontent-icn1-1.cdninstagram.com/vp/c5f2a46848a780cf654ca11d06d25a82/5DB3807A/t51.2885-15/e35/s1080x1080/65871307_147482796323037_3310460375649490579_n.jpg?_nc_ht=scontent-icn1-1.cdninstagram.com&_nc_cat=109,"190724 찾았다!!
.
#킥고잉 #21세기축지법 #킥고잉꿀잼",,,,,,,,,,
https://www.instagram.com/p/B0UlWzIF9RR/,2019-07-25T01:39:58.000Z,https://scontent-icn1-1.cdninstagram.com/vp/7f0c540cdfaab07d2734746a4c7dd32c/5DB4F3E2/t51.2885-15/e35/67007768_400754860553689_114176909772533040_n.jpg?_nc_ht=scontent-icn1-1.cdninstagram.com&_nc_cat=101,#킥고잉#21세기축지법#킥고잉꿀잼,,,,,,,,,,
https://www.instagram.com/p/B0UfNQphEig/,2019-07-25T00:46:15.000Z,https://scontent-icn1-1.cdninstagram.com/vp/7b3e6092dcc4ee1b3fd8c059350e07ce/5DD1BF5D/t51.2885-15/e35/s1080x1080/66350295_342127790057261_771738526026347419_n.jpg?_nc_ht=scontent-icn1-1.cdninstagram.com&_nc_cat=105,#킥고잉 #21세기축지법 #킥고잉꿀잼,,,,,,,,,,
https://www.instagram.com/p/B0Uck2ThOeN/,2019-07-25T00:23:15.000Z,https://scontent-icn1-1.cdninstagram.com/vp/6c3a7876a91b8bf596c151df553fdf9a/5DEB5D3B/t51.2885-15/e35/67164917_2407587172822041_1669919568676800983_n.jpg?_nc_ht=scontent-icn1-1.cdninstagram.com&_nc_cat=109,#전동킥보드#전동킥보드대여#전동킥보드렌탈#킥보드#강남#선릉#킥고잉 우와아아아아아,,,,,,,,,,
https://www.instagram.com/p/B0UcCqVFfeh/,2019-07-25T00:18:35.000Z,https://scontent-icn1-1.cdninstagram.com/vp/3e323fb04f916c0bf9c921b6d0067064/5DD49D36/t51.2885-15/e35/s1080x1080/66444435_2331507103783445_4942283949632577057_n.jpg?_nc_ht=scontent-icn1-1.cdninstagram.com&_nc_cat=105,"킥고잉 이벤트 응모
21세기 축지법 달리자
#21세기축지법#킥고잉#킥고잉꿀잼#출근길#퇴근길#인스타그램#막스타그램#선릉역#강남#역삼#업그레이드",,,,,,,,,,
https://www.instagram.com/p/B0UVr3hHLPb/,2019-07-24T23:23:02.000Z,https://scontent-icn1-1.cdninstagram.com/vp/b4c31c38964ff59d08d4c99597bd7d8a/5DD5D165/t51.2885-15/e35/66121346_467103850742402_6929836087798875761_n.jpg?_nc_ht=scontent-icn1-1.cdninstagram.com&_nc_cat=102,"#킥고잉
#21세기축지법
#킥고잉꿀잼
아침마다 끊을수가 없네 킥고잉",,,,,,,,,,
https://www.instagram.com/p/B0UQJQNh-vk/,2019-07-24T22:34:37.000Z,https://scontent-icn1-1.cdninstagram.com/vp/937596e11ae85c2e88044d4d3a37cad5/5DD363CD/t51.2885-15/e35/64511465_397255984240995_4971312714993175039_n.jpg?_nc_ht=scontent-icn1-1.cdninstagram.com&_nc_cat=103,#킥고잉#21세기축지법#킥고잉꿀잼,,,,,,,,,,
https://www.instagram.com/p/B0TuEmSlRsf/,2019-07-24T17:36:54.000Z,https://scontent-icn1-1.cdninstagram.com/vp/84398a82e890e00bd091131e6c06f308/5DE89854/t51.2885-15/e35/p1080x1080/66951141_891029057930123_8334798970493935529_n.jpg?_nc_ht=scontent-icn1-1.cdninstagram.com&_nc_cat=111,비가 와도 눈이 와도 #킥고잉 #21세기축지법 #킥고잉꿀잼,,,,,,,,,,
https://www.instagram.com/p/B0Tr--tDCw1/,2019-07-24T17:18:39.000Z,https://scontent-icn1-1.cdninstagram.com/vp/5c91b85909eec170f6cc27e898f522be/5DD13C1E/t51.2885-15/e35/s1080x1080/66048683_143070626894122_7977088548385247844_n.jpg?_nc_ht=scontent-icn1-1.cdninstagram.com&_nc_cat=110,#킥고잉#21세기축지법 #킥고잉꿀잼,,,,,,,,,,
https://www.instagram.com/p/B0Tfr-cgYBZ/,2019-07-24T15:31:12.000Z,https://scontent-icn1-1.cdninstagram.com/vp/b3e35d5782d162bc16baf3d1ce4039a7/5DED5E69/t51.2885-15/e35/s1080x1080/66644122_721492788283558_4152335221206915215_n.jpg?_nc_ht=scontent-icn1-1.cdninstagram.com&_nc_cat=110,#킥고잉 #21세기축지법 #킥고잉꿀잼,,,,,,,,,,
https://www.instagram.com/p/B0TWR3chsJ1/,2019-07-24T14:08:59.000Z,https://scontent-icn1-1.cdninstagram.com/vp/9e5ef679d7094a804e2e1d3ae604913b/5DE5542F/t51.2885-15/e35/s1080x1080/67520123_695567634216690_6066335991000881060_n.jpg?_nc_ht=scontent-icn1-1.cdninstagram.com&_nc_cat=106,"뭐지..? 처음 타봤는데 재밌어!?!?
하나 사서 타고 돌아다니고 싶다!!
.
.
.
.
.
.
#일상 #daily #킥고잉 #킥고잉꿀잼 #f4f #데릴러가는길",,,,,,,,,,
https://www.instagram.com/p/B0TRfVOl_ZK/,2019-07-24T13:27:08.000Z,https://scontent-icn1-1.cdninstagram.com/vp/d80ecb3aea802fc25584b3137bd6d5bb/5DD2682B/t51.2885-15/e35/65721083_104131430845740_3776865006864461550_n.jpg?_nc_ht=scontent-icn1-1.cdninstagram.com&_nc_cat=100,"-
비상시 #교통수단
#5분 #1000원
#운전면허증소지자 필수
#킥고잉 #강남활보
#더위탈출",,,,,,,,,,
https://www.instagram.com/p/B0TOO9UAOqD/,2019-07-24T12:58:41.000Z,https://scontent-icn1-1.cdninstagram.com/vp/b66d55dad1175ba65ad67296a511f2cb/5DC82399/t51.2885-15/e35/s1080x1080/62462834_366557057389638_885873600829042442_n.jpg?_nc_ht=scontent-icn1-1.cdninstagram.com&_nc_cat=106,"#킥고잉 #21세기축지법 #킥고잉꿀잼 .
현재까지 #1 공유 킥보드입니다~",,,,,,,,,,
https://www.instagram.com/p/B0TLWXzgc7n/,2019-07-24T12:33:29.000Z,https://scontent-icn1-1.cdninstagram.com/vp/5bcb4b18c8c6ec09ce6260be2341b346/5DD2F135/t51.2885-15/e35/s1080x1080/66419864_871636786535870_5991096723004057253_n.jpg?_nc_ht=scontent-icn1-1.cdninstagram.com&_nc_cat=102,"‘
사야될게 생겼다 플렉스..!
#전동킥보드 #킥고잉",,,,,,,,,,
https://www.instagram.com/p/B0TGkQxAafS/,2019-07-24T11:51:41.000Z,https://scontent-icn1-1.cdninstagram.com/vp/21b899802532680104b8295c68f5d83c/5DEA4CE6/t51.2885-15/e35/s1080x1080/65870899_469532463881367_8438703075807925782_n.jpg?_nc_ht=scontent-icn1-1.cdninstagram.com&_nc_cat=103,내 출근길 애마라고 하지^..^ #킥고잉#21세기축지법#킥고잉꿀잼,,,,,,,,,,
https://www.instagram.com/p/B0TDtTUhHHA/,2019-07-24T11:26:43.000Z,https://scontent-icn1-1.cdninstagram.com/vp/dd5401eba4acf3659eeb209cdc291f83/5DEBC395/t51.2885-15/e35/s1080x1080/66827312_2846805168726784_9150953750590571790_n.jpg?_nc_ht=scontent-icn1-1.cdninstagram.com&_nc_cat=104,"종종 보게 되는 전동 킥보드인데 걷는 사람 입장에서보면 정말 맥락없이(?) 덩그러니 놓여져 있는 아이들이라서 괜히 그 사연이 궁금해진다는.... 🤔
.
.
.
#전동킥보드#킥고잉",,,,,,,,,,
https://www.instagram.com/p/B0TC8NPBo1V/,2019-07-24T11:20:00.000Z,https://scontent-icn1-1.cdninstagram.com/vp/370bb487bf3ad9f9f3cff5cae79f05e5/5DD4A2DB/t51.2885-15/e35/66850675_2338410113040758_3098359081122333063_n.jpg?_nc_ht=scontent-icn1-1.cdninstagram.com&_nc_cat=102,#킥고잉 #21세기축지법 #킥고잉꿀잼,,,,,,,,,,
https://www.instagram.com/p/B0S_f6fBo9f/,2019-07-24T10:50:32.000Z,https://scontent-icn1-1.cdninstagram.com/vp/1ae1b510ac77e2c4f858156bb7ac8c4c/5D3BD911/t51.2885-15/e35/62397495_156902248815244_603663272554090258_n.jpg?_nc_ht=scontent-icn1-1.cdninstagram.com&_nc_cat=104,,,,,,,,,,,
https://www.instagram.com/p/B0S8SMqhtAe/,2019-07-24T10:21:51.000Z,https://scontent-icn1-1.cdninstagram.com/vp/ff6b75f9f3f843f07f58d3b81415b104/5DB38B9F/t51.2885-15/e35/s1080x1080/66145575_860489077664381_19824129946587645_n.jpg?_nc_ht=scontent-icn1-1.cdninstagram.com&_nc_cat=105,"My daily ride 🛴 .
#킥고잉 #21세기축지법 #킥고잉꿀잼 #scooter #citylife #kickscooter #kickgoing",,,,,,,,,,
https://www.instagram.com/p/B0S5bx7BpWt/,2019-07-24T09:56:56.000Z,https://scontent-icn1-1.cdninstagram.com/vp/73f77d395fbb429389c4fa4569aa0ee6/5DC9A8BF/t51.2885-15/e35/66614623_329766954568990_5007179416357907782_n.jpg?_nc_ht=scontent-icn1-1.cdninstagram.com&_nc_cat=110,"휠앤킥성남점(도촌동) 새로운 이벤트 입니다!

글이 다 지워져서 다시 업로드 합니다ㅠ.ㅠ

렌탈 이 후에 구매 하시는 분들은 렌탈비 면제 입니다!! 전동킥보드 구매 전 고민 하시는 분들 강추!! 데이트코스 강추!!!! 문의
031 758 0859
010 7544 0859 .
.
.
.
#휠앤킥성남점 #전동킥보드 #전동킥보드수리 #전동킥보드대여#전동킥보드무료대여#전동킥보드렌트#전동킥보드렌탈#전동킥보드AS#가성비킥보드#저렴한전동킥보드#저렴한킥보드#전동퀵보드#전동휠#스마트모빌리티#중고킥보드#킥보드직구#직구킥보드#킥고잉#키고잉#카카오자전거#전기자전거#전동자전거#차세대모빌리티#차세대이동수단#킥보드타는법#킥보드안전#킥보드법규#전동킥보드사고#전동킥보드사용설명서#전동킥보드강의",,,,,,,,,,
https://www.instagram.com/p/B0S4bVTFKNu/,2019-07-24T09:48:08.000Z,https://scontent-icn1-1.cdninstagram.com/vp/a49b534db9441aa7847b27f88e85db45/5DE341D4/t51.2885-15/e35/p1080x1080/66157322_362746637699920_6215034562136767147_n.jpg?_nc_ht=scontent-icn1-1.cdninstagram.com&_nc_cat=104,#공유경제 #킥고잉 이놈저놈 쓰다보니 #승차감 이 #쉣 하나 장만해야겠어요,,,,,,,,,,
https://www.instagram.com/p/B0SzyyhH29c/,2019-07-24T09:07:39.000Z,https://scontent-icn1-1.cdninstagram.com/vp/ec16c8f9f3346911c13f31d24a8301b4/5DB4C34F/t51.2885-15/e35/65883412_145732993194033_3022832536868949652_n.jpg?_nc_ht=scontent-icn1-1.cdninstagram.com&_nc_cat=109,"울매장 옆 킥보드 뭔가하고 찍었는데
#이벤트 있음 ㅎㅎㅎ
#무료쿠폰 받아서 타봐야겠다

#킥고잉 #21세기축지법 #킥고잉꿀잼",https://scontent-icn1-1.cdninstagram.com/vp/7f2a239540a27bafc8c1ad29e3bd9df5/5DCD8B07/t51.2885-15/e35/66362479_152351912545761_1096135124644191834_n.jpg?_nc_ht=scontent-icn1-1.cdninstagram.com&_nc_cat=109,,,,,,,,,
https://www.instagram.com/p/B0SzIvRFSOn/,2019-07-24T09:02:00.000Z,https://scontent-icn1-1.cdninstagram.com/vp/d2ec11f95e96695dbf57b94d7aae5e9c/5D3BDC4E/t51.2885-15/e35/67675848_474774880026988_7749219751601391907_n.jpg?_nc_ht=scontent-icn1-1.cdninstagram.com&_nc_cat=104,"나는야 얼리버드~~~~^^ 킥고잉 타고 학동에서 역삼까지 24분~~~ 할인쿠폰 받아 1,400원만 결제했어요.
재밌는데 위험하기도 하네요. ""가입이 어려워!!!!!!
어떻게 하는지 모르겠어!!!!! 복잡해!!!!"" 라고
포기하지 말고
""와~ 재밌겠다. 어떻게하면 되지? 한번 타보자~"" 라는
마음으로 시도해보세요.
새롭게 변화하는 세상을 누리는 우리가 되어요. 오예~^^ 킥고잉 친구추천코드
BDU6MN

추가해주시면 저 10분 무료로 탈수있대요. ㅎㅎㅎ

#킥고잉",,,,,,,,,,
https://www.instagram.com/p/B0Sx5JDno9v/,2019-07-24T08:51:02.000Z,https://scontent-icn1-1.cdninstagram.com/vp/344a6ca9f92bda9aaa34374d65c1a0b8/5DB42DFB/t51.2885-15/e35/66040415_185293455827625_2634014442940681026_n.jpg?_nc_ht=scontent-icn1-1.cdninstagram.com&_nc_cat=109,#킥고잉 #21세기축지법 #킥고잉꿀잼,,,,,,,,,,
https://www.instagram.com/p/B0SxPoeF5DV/,2019-07-24T08:45:22.000Z,https://scontent-icn1-1.cdninstagram.com/vp/2e75438fb79357761d18b5558dede1d5/5DD12D31/t51.2885-15/e35/s1080x1080/66998937_2446211535459070_1261998538659660209_n.jpg?_nc_ht=scontent-icn1-1.cdninstagram.com&_nc_cat=110,#킥고잉#21세기축지법#킥고잉꿀잼,,,,,,,,,,
https://www.instagram.com/p/B0Su5SFDiLh/,2019-07-24T08:24:51.000Z,https://scontent-icn1-1.cdninstagram.com/vp/16c27b1557582b63c6cbfa560dc5b382/5DD30056/t51.2885-15/e35/66272222_2458587201038565_5905108888113372707_n.jpg?_nc_ht=scontent-icn1-1.cdninstagram.com&_nc_cat=109,#21세기축지법 #킥고잉꿀잼 #킥고잉 #쿠폰주세요,,,,,,,,,,
https://www.instagram.com/p/B0StnpsAvvl/,2019-07-24T08:13:42.000Z,https://scontent-icn1-1.cdninstagram.com/vp/e2ac7fec4b4453b10d9ee744beb9d01c/5DB358F0/t51.2885-15/e35/s1080x1080/66376966_2561217603911097_1559459150310807413_n.jpg?_nc_ht=scontent-icn1-1.cdninstagram.com&_nc_cat=109,#킥고잉 #21세기축지법 #킥고잉꿀잼,https://scontent-icn1-1.cdninstagram.com/vp/92f0790b88d05a1ac9a3045a0efe3bbb/5DB18887/t51.2885-15/e35/s1080x1080/62067414_2262720677176087_3929541726495307197_n.jpg?_nc_ht=scontent-icn1-1.cdninstagram.com&_nc_cat=107,,,,,,,,,
https://www.instagram.com/p/B0Sqc9Kgvmf/,2019-07-24T07:46:01.000Z,https://scontent-icn1-1.cdninstagram.com/vp/4fe15d438940b6c782661a5087843dfc/5DE8792F/t51.2885-15/e35/67159888_1313687795477857_8601758824790038366_n.jpg?_nc_ht=scontent-icn1-1.cdninstagram.com&_nc_cat=101,"아싸드뎌발견♡ 정확한문구!! 하루 4번 타는 나의 킥고잉 최고

#21세기축지법 #킥고잉꿀잼 #킥고잉",,,,,,,,,,
https://www.instagram.com/p/B0SdBHiAOHj/,2019-07-24T05:48:38.000Z,https://scontent-icn1-1.cdninstagram.com/vp/29a64fadac1d30c99ae5487354a2db97/5DB19D1E/t51.2885-15/e35/p1080x1080/67235371_2310697422582072_2481103651468993173_n.jpg?_nc_ht=scontent-icn1-1.cdninstagram.com&_nc_cat=100,"-
블루보틀 1호점 호다닥 가보았다☕️
성수동 공장 너낌 인테리어...🤔다음엔 에스프레소 베이스 커피로 삼청동에서 마셔야겠다😭그리고 킥고잉 꼭타보겠어!
#맛이없어 #뉴올리언스커피 #드립커피 #블루보틀 #뚝섬 #성수1호점 #킥고잉",https://scontent-icn1-1.cdninstagram.com/vp/9c0ac046f202dbb4f756e66bf3906bdf/5DD19B27/t51.2885-15/e35/p1080x1080/66318299_415511779048904_8969597327877110003_n.jpg?_nc_ht=scontent-icn1-1.cdninstagram.com&_nc_cat=108,https://scontent-icn1-1.cdninstagram.com/vp/e1ee155c449bd4051643799c77ca1646/5DE440B4/t51.2885-15/e35/p1080x1080/66307248_637656250072673_1727739034333729275_n.jpg?_nc_ht=scontent-icn1-1.cdninstagram.com&_nc_cat=105,https://scontent-icn1-1.cdninstagram.com/vp/e11d35beb68f98221af043f5335ab2ce/5DEDFF48/t51.2885-15/e35/p1080x1080/67795148_348756179357984_4561490566072824582_n.jpg?_nc_ht=scontent-icn1-1.cdninstagram.com&_nc_cat=108,https://scontent-icn1-1.cdninstagram.com/vp/1dc9f7b2f312e962c974caccd9f43b15/5DC75FF5/t51.2885-15/e35/p1080x1080/66202545_2286615571387779_475597807724279106_n.jpg?_nc_ht=scontent-icn1-1.cdninstagram.com&_nc_cat=103,https://scontent-icn1-1.cdninstagram.com/vp/e500981db854b9ec7fc92a2ea6815bb9/5DD4B976/t51.2885-15/e35/p1080x1080/66481906_473690346538461_5363204307149893680_n.jpg?_nc_ht=scontent-icn1-1.cdninstagram.com&_nc_cat=109,https://scontent-icn1-1.cdninstagram.com/vp/877a7af3f805b1d9da3519743866a8dd/5DDE7491/t51.2885-15/e35/p1080x1080/66128566_479009082675810_2534532260841915600_n.jpg?_nc_ht=scontent-icn1-1.cdninstagram.com&_nc_cat=106,https://scontent-icn1-1.cdninstagram.com/vp/4425a8853165db601ed175a2db22b5db/5DCA1FB5/t51.2885-15/e35/p1080x1080/66111345_2317294295198171_2495532209528049665_n.jpg?_nc_ht=scontent-icn1-1.cdninstagram.com&_nc_cat=111,https://scontent-icn1-1.cdninstagram.com/vp/213a8ee17090543a0ca95bfcd89e2815/5DD27A37/t51.2885-15/e35/p1080x1080/66047957_2268847600096964_3616623630905253911_n.jpg?_nc_ht=scontent-icn1-1.cdninstagram.com&_nc_cat=108,,
https://www.instagram.com/p/B0SW7aHg0ZJ/,2019-07-24T04:55:25.000Z,https://scontent-icn1-1.cdninstagram.com/vp/33e9b1f542cfa530bbd226dbe9faeb27/5DB15089/t51.2885-15/e35/64252563_150541726093821_6413677706866033979_n.jpg?_nc_ht=scontent-icn1-1.cdninstagram.com&_nc_cat=109,#킥고잉 #21세기축지법 #킥고잉꿀잼,,,,,,,,,,
https://www.instagram.com/p/B0SU3QKgYdB/,2019-07-24T04:37:23.000Z,https://scontent-icn1-1.cdninstagram.com/vp/c1eef81ce5e2a19f5087eb9ce2380c4e/5DE151B7/t51.2885-15/e35/67326715_148967856188927_4032754031708092385_n.jpg?_nc_ht=scontent-icn1-1.cdninstagram.com&_nc_cat=111,"출근을 부탁한다 씽씽이야
#킥고잉
#21세기축지법
#킥고잉꿀잼",,,,,,,,,,
https://www.instagram.com/p/B0ST33on1TA/,2019-07-24T04:28:43.000Z,https://scontent-icn1-1.cdninstagram.com/vp/fa5a3ba1ebc5906d38aa3fd04d4dac2e/5DB38D18/t51.2885-15/e35/66803819_383039212294473_3604423895669577896_n.jpg?_nc_ht=scontent-icn1-1.cdninstagram.com&_nc_cat=109,#킥고잉 #21세기축지법 #킥고잉꿀잼,,,,,,,,,,
https://www.instagram.com/p/B0SNVc5FGDn/,2019-07-24T03:31:36.000Z,https://scontent-icn1-1.cdninstagram.com/vp/ed64506a2e2ba1ae5c1275caf88c4d03/5DE48D03/t51.2885-15/e35/p1080x1080/66792036_544919419378080_3745077240326095991_n.jpg?_nc_ht=scontent-icn1-1.cdninstagram.com&_nc_cat=100,출퇴근용 킥고잉 이거하면 뭐 준데 #킥고잉 #21세기축지법 #킥고잉꿀잼,,,,,,,,,,
https://www.instagram.com/p/B0R9OVRlyIF/,2019-07-24T01:10:49.000Z,https://scontent-icn1-1.cdninstagram.com/vp/23bdbc3e92f43e2ea2f38f76b40472b9/5DD33A77/t51.2885-15/e35/p1080x1080/67053861_371318093586690_7024673429264322509_n.jpg?_nc_ht=scontent-icn1-1.cdninstagram.com&_nc_cat=106,"#킥고잉 #21세기축지법 #킥고잉꿀잼
아침마다 나의 또다른 이동수단",,,,,,,,,,
https://www.instagram.com/p/B0R8Ny2lngb/,2019-07-24T01:02:00.000Z,https://scontent-icn1-1.cdninstagram.com/vp/496361ae98317e2144ba98e0d2547a97/5DCCA910/t51.2885-15/e35/64520296_124367982154441_8980597022973798721_n.jpg?_nc_ht=scontent-icn1-1.cdninstagram.com&_nc_cat=101,#킥고잉#21세기축지법#킼고잉꿀잼,,,,,,,,,,
https://www.instagram.com/p/B0R5t0lFfT8/,2019-07-24T00:40:10.000Z,https://scontent-icn1-1.cdninstagram.com/vp/da1e306d8314edaf7b4bd53eacfb3726/5DC7917B/t51.2885-15/e35/s1080x1080/66330380_706051336502727_700027900756414639_n.jpg?_nc_ht=scontent-icn1-1.cdninstagram.com&_nc_cat=103,"차 막힐땐 #씽씽이#킥보드#킥고잉#꿀잼
주의: 비 오는날 커브길에서 튕겨져 얼굴과 지면이 만날수있음 (#개미끌)
#셀카#셀스타그램#일상#데일리#인스타데일리#직딩#직장인#인생#사업#하고싶다#펀딩좀#이거하면대박이야#좋아요#구독#댓글#알람#부탁해#유투브#안함#ㅋ",,,,,,,,,,
https://www.instagram.com/p/B0R5Zx_BIdY/,2019-07-24T00:37:25.000Z,https://scontent-icn1-1.cdninstagram.com/vp/04312ac6befb8d47a55bddcc765f6f46/5DC7D960/t51.2885-15/e35/65800324_673545663112926_594276797276874877_n.jpg?_nc_ht=scontent-icn1-1.cdninstagram.com&_nc_cat=106,#킥고잉#21세기축지법#킥고잉꿀잼,,,,,,,,,,
https://www.instagram.com/p/B0R2JEvgGWt/,2019-07-24T00:08:56.000Z,https://scontent-icn1-1.cdninstagram.com/vp/88533d7b059bace726c95a9d4eaa8be8/5DE44F91/t51.2885-15/e35/s1080x1080/66514744_136113484267506_3914673684186104672_n.jpg?_nc_ht=scontent-icn1-1.cdninstagram.com&_nc_cat=106,"드디어 발견했어염!
""21세기축지법 킥고잉""
.
.
#킥고잉 #21세기축지법 #킥고잉꿀잼",,,,,,,,,,
https://www.instagram.com/p/B0Ry5xQFjUp/,2019-07-23T23:40:37.000Z,https://scontent-icn1-1.cdninstagram.com/vp/6466fb799b38aef0e47ecbb5a9cd896e/5DE0CAE2/t51.2885-15/e35/65887425_429992250924689_1913531043213008867_n.jpg?_nc_ht=scontent-icn1-1.cdninstagram.com&_nc_cat=105,"#킥고잉
#21세기축지법
#킥고잉꿀잼",,,,,,,,,,
https://www.instagram.com/p/B0RyyzrAWRd/,2019-07-23T23:39:40.000Z,https://scontent-icn1-1.cdninstagram.com/vp/263fdf0ca40364557fa1670e4c823146/5DC89BF2/t51.2885-15/e35/67798586_876358566064667_7868779395132415114_n.jpg?_nc_ht=scontent-icn1-1.cdninstagram.com&_nc_cat=111,#킥고잉 #21세기축지법 #킥고잉꿀잼,,,,,,,,,,
https://www.instagram.com/p/B0RylA5pYRT/,2019-07-23T23:37:47.000Z,https://scontent-icn1-1.cdninstagram.com/vp/827041aa36e5edc29d948897a04362cb/5DD57E9E/t51.2885-15/e35/65498138_1209014082618591_81240044346997121_n.jpg?_nc_ht=scontent-icn1-1.cdninstagram.com&_nc_cat=103,#킥고잉#21세기축지법#킥고잉꿀잼,,,,,,,,,,
https://www.instagram.com/p/B0RyHiAB0SB/,2019-07-23T23:33:46.000Z,https://scontent-icn1-1.cdninstagram.com/vp/bbad9310322b4a402b02912dc15b655d/5DB4780A/t51.2885-15/e35/s1080x1080/66409176_429550167891283_9165288446961456347_n.jpg?_nc_ht=scontent-icn1-1.cdninstagram.com&_nc_cat=107,#킥고잉#21세기축지법#킥고잉꿀잼#출퇴근꿀잼,,,,,,,,,,
https://www.instagram.com/p/B0Rx9logItS/,2019-07-23T23:32:24.000Z,https://scontent-icn1-1.cdninstagram.com/vp/18fd677a97058b5a725d742f92f5016c/5DE3053F/t51.2885-15/e35/66378322_462837414264695_6790278483815878674_n.jpg?_nc_ht=scontent-icn1-1.cdninstagram.com&_nc_cat=111,#21세기축지법 #킥고잉,,,,,,,,,,
https://www.instagram.com/p/B0RwhpCHJS6/,2019-07-23T23:19:51.000Z,https://scontent-icn1-1.cdninstagram.com/vp/5818e9ed22526aa903ff0ed24104ba52/5DD31814/t51.2885-15/e35/s1080x1080/67719413_1306227759540198_2647647494414107529_n.jpg?_nc_ht=scontent-icn1-1.cdninstagram.com&_nc_cat=106,#킥고잉 #21세기축지법 #킥고잉꿀잼,,,,,,,,,,
https://www.instagram.com/p/B0RlllzArfx/,2019-07-23T21:44:16.000Z,https://scontent-icn1-1.cdninstagram.com/vp/27301fb26d0964bcaad9de8e3436c71f/5DB61B35/t51.2885-15/e35/s1080x1080/66415499_147132269708018_4630723683281203846_n.jpg?_nc_ht=scontent-icn1-1.cdninstagram.com&_nc_cat=102,"강남으로 출근하다보니 신문물을 일찍경험할수 있어 👍🏻
#킥고잉 #21세기축지법 #킥고잉꿀잼",https://scontent-icn1-1.cdninstagram.com/vp/f48ff6430e6286056587f9474a307a21/5DB49C49/t51.2885-15/e35/s1080x1080/66630272_2102899023344894_739969911605548325_n.jpg?_nc_ht=scontent-icn1-1.cdninstagram.com&_nc_cat=102,,,,,,,,,
https://www.instagram.com/p/B0RG2y1HcdC/,2019-07-23T17:15:44.000Z,https://scontent-icn1-1.cdninstagram.com/vp/4e4d70ffb978840bdf0520d13f1774eb/5DE9566A/t51.2885-15/e35/s1080x1080/67061600_380845079237868_1361929057219946414_n.jpg?_nc_ht=scontent-icn1-1.cdninstagram.com&_nc_cat=100,#킥고잉 #21세기축지법 #킥고잉꿀잼,,,,,,,,,,
https://www.instagram.com/p/B0Q93ESg-Qh/,2019-07-23T15:57:08.000Z,https://scontent.cdninstagram.com/vp/5a8498780b1fac45085af54f3d6c9e4e/5DB66173/t51.2885-15/e15/66483500_737260246692706_3198809386955047538_n.jpg?_nc_ht=scontent.cdninstagram.com&_nc_cat=110,#킥고잉#21세기축지법#킥고잉꿀잼,,,,,,,,,,
https://www.instagram.com/p/B0Q0MatHcuR/,2019-07-23T14:32:40.000Z,https://scontent-icn1-1.cdninstagram.com/vp/c4a4e666567e5154481dcfd4c48695fa/5DD6FC8A/t51.2885-15/e35/67164682_2497540903600332_1082976224885288988_n.jpg?_nc_ht=scontent-icn1-1.cdninstagram.com&_nc_cat=100,놓칠수 없지. #킥고잉 #21세기축지법 #킥고잉꿀잼,,,,,,,,,,
https://www.instagram.com/p/B0QztIRg2YO/,2019-07-23T14:28:24.000Z,https://scontent-icn1-1.cdninstagram.com/vp/1358ea3bec5e64367796b4a333c1e55f/5DDFBCEE/t51.2885-15/e35/64319163_434477157151999_8448319463792927158_n.jpg?_nc_ht=scontent-icn1-1.cdninstagram.com&_nc_cat=107,#킥고잉 #21세기축지법 #킥고잉꿀잼,,,,,,,,,,
https://www.instagram.com/p/B0QiUg0Jd5P/,2019-07-23T11:56:29.000Z,https://scontent-icn1-1.cdninstagram.com/vp/a590c2aea72d5f566933feacad472b3c/5DB33872/t51.2885-15/e35/s1080x1080/66139066_3162058607152636_2809006288055839150_n.jpg?_nc_ht=scontent-icn1-1.cdninstagram.com&_nc_cat=104,#킥고잉 #21세기축지법 #킥고잉꿀잼,,,,,,,,,,
https://www.instagram.com/p/B0QhDiRHoGC/,2019-07-23T11:45:26.000Z,https://scontent-icn1-1.cdninstagram.com/vp/f1423e02d65bb73ab9babbbb6cf5ac27/5DD40382/t51.2885-15/fr/e15/s1080x1080/66620427_637198910099304_4538914160737426571_n.jpg?_nc_ht=scontent-icn1-1.cdninstagram.com&_nc_cat=100,#킥고잉 #21세기축지법 #킥고잉꿀잼,,,,,,,,,,
https://www.instagram.com/p/B0QfJ6uF0Y7/,2019-07-23T11:28:49.000Z,https://scontent-icn1-1.cdninstagram.com/vp/52437cb286cdbb3b41c33ba1cdc7144a/5DB53C07/t51.2885-15/e35/s1080x1080/66289384_1111060372410374_2290628001028309592_n.jpg?_nc_ht=scontent-icn1-1.cdninstagram.com&_nc_cat=102,나는 멋쟁이 #킥고잉 #21세기축지법 #킥고잉꿀잼 #쿠폰주세요💗💗,,,,,,,,,,
https://www.instagram.com/p/B0QeuBcF-k8/,2019-07-23T11:25:01.000Z,https://scontent-icn1-1.cdninstagram.com/vp/fe07e89601fa4688335f365936f43aa9/5DCD6D6B/t51.2885-15/e35/66073979_2387088148170167_5393675871455512918_n.jpg?_nc_ht=scontent-icn1-1.cdninstagram.com&_nc_cat=111,#킥고잉 #킥고잉꿀잼 #21세기축지법 #이벤트,,,,,,,,,,
https://www.instagram.com/p/B0Qd2Myh9N5/,2019-07-23T11:17:24.000Z,https://scontent-icn1-1.cdninstagram.com/vp/daea13e96a8eddb3a868aa5279a7ca1c/5DEA2702/t51.2885-15/e35/66283428_1369976303156982_4061614108623968465_n.jpg?_nc_ht=scontent-icn1-1.cdninstagram.com&_nc_cat=106,"엔절아이라이트 , 수납가방 , 핸드폰거치대 , 사이드미러 튜닝 완료

문의
031 758 0859
010 7544 0859
.
.
.
.
#휠앤킥성남점 #전동킥보드 #전동킥보드수리 #전동킥보드대여#전동킥보드무료대여#전동킥보드렌트#전동킥보드렌탈#전동킥보드AS#가성비킥보드#저렴한전동킥보드#저렴한킥보드#전동퀵보드#전동휠#스마트모빌리티#중고킥보드#킥보드직구#직구킥보드#킥고잉#키고잉#카카오자전거#전기자전거#전동자전거#차세대모빌리티#차세대이동수단#킥보드타는법#킥보드안전#킥보드법규#전동킥보드사고#전동킥보드사용설명서#전동킥보드강의",https://scontent-icn1-1.cdninstagram.com/vp/36e5566ef303a991c098d1cc8422857e/5DCA6346/t51.2885-15/e35/66146500_1262919410559247_678774121154362819_n.jpg?_nc_ht=scontent-icn1-1.cdninstagram.com&_nc_cat=107,https://scontent-icn1-1.cdninstagram.com/vp/1e38a30cf7dd95df7f308370ae6d311e/5DB30E50/t51.2885-15/e35/66778129_143939000135370_8603904099250332431_n.jpg?_nc_ht=scontent-icn1-1.cdninstagram.com&_nc_cat=106,,,,,,,,
https://www.instagram.com/p/B0QcjYiBFNU/,2019-07-23T11:06:05.000Z,https://scontent-icn1-1.cdninstagram.com/vp/3358ccc92b93d0362f5b714568896063/5DE4CC0C/t51.2885-15/e35/s1080x1080/62438109_374372923222642_8885760710316002046_n.jpg?_nc_ht=scontent-icn1-1.cdninstagram.com&_nc_cat=110,#킥고잉 #21세기축지법 #킥고잉꿀잼,,,,,,,,,,
https://www.instagram.com/p/B0QcBPLjmyC/,2019-07-23T11:01:26.000Z,https://scontent-icn1-1.cdninstagram.com/vp/1f13d6ab84ea08242b8703509db3a519/5DDF25AD/t51.2885-15/e35/67345152_154134442402374_3416905896204266742_n.jpg?_nc_ht=scontent-icn1-1.cdninstagram.com&_nc_cat=106,아... 집이 코앞인데...T T 범위 조금만 더 늘려주세요 #킥고잉 #양재동어딘가,,,,,,,,,,
https://www.instagram.com/p/B0QarkcB_6C/,2019-07-23T10:49:44.000Z,https://scontent-icn1-1.cdninstagram.com/vp/fa3f40098a02d72f694b1d56948bf5b3/5DB17A41/t51.2885-15/e35/66622296_194050528256465_3308490326264218889_n.jpg?_nc_ht=scontent-icn1-1.cdninstagram.com&_nc_cat=105,"#킥고잉 #21세기축지법 #킥고잉꿀잼
어딜가든 이용한다 최고👍",https://scontent-icn1-1.cdninstagram.com/vp/da0ed653b5f8a5ed0eb9a6e055f78044/5DC7E633/t51.2885-15/e35/66656069_2409964489246459_7066800592666579779_n.jpg?_nc_ht=scontent-icn1-1.cdninstagram.com&_nc_cat=107,,,,,,,,,
https://www.instagram.com/p/B0QZSKSFPKA/,2019-07-23T10:37:31.000Z,https://scontent-icn1-1.cdninstagram.com/vp/aafd795e06823101af3159b54d65bacf/5DE17913/t51.2885-15/e35/s1080x1080/67404214_472419180209868_8982235112717290369_n.jpg?_nc_ht=scontent-icn1-1.cdninstagram.com&_nc_cat=100,#킥고잉 #21세기축지법 #킥고잉꿀잼,,,,,,,,,,
https://www.instagram.com/p/B0QQpo1gNx2/,2019-07-23T09:22:05.000Z,https://scontent-icn1-1.cdninstagram.com/vp/208126d94956603638a825f046a79957/5DE6F1B5/t51.2885-15/e35/s1080x1080/66650043_330706067874241_7593778906833756030_n.jpg?_nc_ht=scontent-icn1-1.cdninstagram.com&_nc_cat=101,#킥고잉#21세기축지법#킥고잉꿀잼,,,,,,,,,,
https://www.instagram.com/p/B0QPPwlDiji/,2019-07-23T09:09:49.000Z,https://scontent.cdninstagram.com/vp/8419b45306b89adeeb339ed094081a34/5DD2FE25/t51.2885-15/fr/e15/s1080x1080/66062952_168929077487542_1921551875086145596_n.jpg?_nc_ht=scontent.cdninstagram.com&_nc_cat=110,#킥고잉 #21세기 축지법,,,,,,,,,,
https://www.instagram.com/p/B0QPK3rhmNQ/,2019-07-23T09:09:09.000Z,https://scontent-icn1-1.cdninstagram.com/vp/fb2ae1f6bd0d8fa725dbaf5075893de8/5DEEBE52/t51.2885-15/e35/s1080x1080/67520614_193406628322163_3081469960286274415_n.jpg?_nc_ht=scontent-icn1-1.cdninstagram.com&_nc_cat=111,"#킥고잉 #21세기축지법 #킥고잉꿀잼
쿠폰 준대",,,,,,,,,,
https://www.instagram.com/p/B0QOO6qBT2w/,2019-07-23T09:00:58.000Z,https://scontent-icn1-1.cdninstagram.com/vp/dd0bc95ac8d890424908003200ac2f3d/5DD26AC9/t51.2885-15/e35/67391081_1088280291560125_5199231886206558381_n.jpg?_nc_ht=scontent-icn1-1.cdninstagram.com&_nc_cat=101,"21세기 이동수단 킥고잉-
#킥고잉 #킥고잉꿀잼 #21세기축지법",,,,,,,,,,
https://www.instagram.com/p/B0QNGtmgizS/,2019-07-23T08:51:06.000Z,https://scontent-icn1-1.cdninstagram.com/vp/9efad3267a8c63dd84c8a1fa84728990/5DD2CC84/t51.2885-15/e35/p1080x1080/67543546_187833902235883_5890631705224116039_n.jpg?_nc_ht=scontent-icn1-1.cdninstagram.com&_nc_cat=107,"속도에 취할뻔🛴
.
.
#씽씽카 #킥고잉 #전동킥보드 #일상",,,,,,,,,,
https://www.instagram.com/p/B0QJXYGjX-K/,2019-07-23T08:18:25.000Z,https://scontent-icn1-1.cdninstagram.com/vp/56d0ea76d6db03d1f96490dca52a4809/5DEDF44C/t51.2885-15/e35/s1080x1080/66118657_370017927043929_8899750023343241544_n.jpg?_nc_ht=scontent-icn1-1.cdninstagram.com&_nc_cat=109,#킥고잉#21세기축지법#킥고잉꿀잼,,,,,,,,,,
https://www.instagram.com/p/B0QIPDFHbTh/,2019-07-23T08:08:33.000Z,https://scontent-icn1-1.cdninstagram.com/vp/e0e9b6913a65632490aab75250d05f52/5DCD735A/t51.2885-15/e35/67824260_145546506532599_490896264182307068_n.jpg?_nc_ht=scontent-icn1-1.cdninstagram.com&_nc_cat=103,"#190723
#이찬물그림일기
#그림일기#일상#일상툰#갤럭시탭a8withspen2019 #갤럭시탭#공유킥보드#킥고잉#21세기축지법#킥고잉꿀잼#헬멧쓰고안전운전#1종보통보유자#장롱면허#광고아님#친구추천코드#BDP9WK#10분무료쿠폰받으세요
@kickgoing_official",https://scontent-icn1-1.cdninstagram.com/vp/05f0e0c324bc056993b6ef18f123e582/5DB3D54F/t51.2885-15/e35/67138536_480441992689722_3096802369153788354_n.jpg?_nc_ht=scontent-icn1-1.cdninstagram.com&_nc_cat=106,,https://scontent-icn1-1.cdninstagram.com/vp/46b78a27d2f298ae3f5389c055bc08c2/5DD675CF/t51.2885-15/e35/66496793_115599123077474_5344951136658566435_n.jpg?_nc_ht=scontent-icn1-1.cdninstagram.com&_nc_cat=102,https://scontent-icn1-1.cdninstagram.com/vp/b155f95f1c121fcea199d7c030cc3edc/5DCAB042/t51.2885-15/e35/66456330_187398572263256_7482655205053922339_n.jpg?_nc_ht=scontent-icn1-1.cdninstagram.com&_nc_cat=108,https://scontent-icn1-1.cdninstagram.com/vp/720173a797b942c1718eaa96b90cbd44/5DCDD71A/t51.2885-15/e35/66838217_2248426288820908_803159455049467776_n.jpg?_nc_ht=scontent-icn1-1.cdninstagram.com&_nc_cat=104,https://scontent-icn1-1.cdninstagram.com/vp/baa6fdaad871477e936185b8623490f1/5DD269BA/t51.2885-15/e35/65649239_646904475816424_652950004820887942_n.jpg?_nc_ht=scontent-icn1-1.cdninstagram.com&_nc_cat=104,,,,
https://www.instagram.com/p/B0QFmPJlTCj/,2019-07-23T07:45:30.000Z,https://scontent-icn1-1.cdninstagram.com/vp/1f9dec42463f820fc5bee40ba0c7e5e3/5DB415F1/t51.2885-15/e35/p1080x1080/67619557_490068315060780_966972119793475673_n.jpg?_nc_ht=scontent-icn1-1.cdninstagram.com&_nc_cat=100,"....
#일단 #가입 #ㅋㅋㅋ
#빔 #E #스쿠터 #쉐어링 ???만 할랬는데
#킥고잉 도 있어서 같이 가입
언젠가는 타보겠지 ㅋ
#한강 한강 가보즈아~~~~",https://scontent-icn1-1.cdninstagram.com/vp/25720b72c349e243b46ac80695713f46/5DCAE627/t51.2885-15/e35/p1080x1080/66487374_345584033009474_1826022946061500228_n.jpg?_nc_ht=scontent-icn1-1.cdninstagram.com&_nc_cat=102,https://scontent-icn1-1.cdninstagram.com/vp/303495a90cabe1f27b65cfd2158ad223/5DC94358/t51.2885-15/e35/p1080x1080/64259823_719358345180836_4696621867158201237_n.jpg?_nc_ht=scontent-icn1-1.cdninstagram.com&_nc_cat=108,,,,,,,,
https://www.instagram.com/p/B0QE-vJgEjR/,2019-07-23T07:41:05.000Z,https://scontent-icn1-1.cdninstagram.com/vp/aaff2d36632623b744c6cbdf7f1037f4/5D3C2314/t51.2885-15/e35/66477890_2060057027434090_6508071466397004076_n.jpg?_nc_ht=scontent-icn1-1.cdninstagram.com&_nc_cat=110,#21세기축지법 #킥고잉 #킥고잉꿀잼,,,,,,,,,,
https://www.instagram.com/p/B0QBr_VlPhu/,2019-07-23T07:11:20.000Z,https://scontent-icn1-1.cdninstagram.com/vp/177fcf23ee4d69738a1d3ccd9b257b83/5DE34F21/t51.2885-15/e35/s1080x1080/66389958_470205600477476_9117170753026860841_n.jpg?_nc_ht=scontent-icn1-1.cdninstagram.com&_nc_cat=108,#킥고잉 #21세기축지법 #킥고잉꿀잼,,,,,,,,,,
https://www.instagram.com/p/B0QBM7JDgIm/,2019-07-23T07:07:05.000Z,https://scontent-icn1-1.cdninstagram.com/vp/e3fdc73009c5ebb3edafb866e14371ae/5DEE3A6E/t51.2885-15/e35/s1080x1080/67000032_884297995268338_4500606284425577587_n.jpg?_nc_ht=scontent-icn1-1.cdninstagram.com&_nc_cat=110,#킥고잉 #21세기축지법 #킥고잉꿀잼,,https://scontent-icn1-1.cdninstagram.com/vp/0d9c2aae3713ec8bc6fa44806ba3779a/5DDED764/t51.2885-15/e35/s1080x1080/65781160_679457932481643_3933991441692764853_n.jpg?_nc_ht=scontent-icn1-1.cdninstagram.com&_nc_cat=103,,,,,,,,
https://www.instagram.com/p/B0QAKywAlMx/,2019-07-23T06:58:04.000Z,https://scontent-icn1-1.cdninstagram.com/vp/a27e72b90f4054bca65233fd48a3bd02/5DD0C3E4/t51.2885-15/e35/67066616_555441211651850_1714428537845659353_n.jpg?_nc_ht=scontent-icn1-1.cdninstagram.com&_nc_cat=102,#킥고잉 #21세기축지법 #킥고잉꿀잼,,,,,,,,,,
https://www.instagram.com/p/B0P_lt0A99M/,2019-07-23T06:53:00.000Z,https://scontent-icn1-1.cdninstagram.com/vp/1abfde878264bb0fea8fc2558cd8175e/5DD599EC/t51.2885-15/e35/s1080x1080/66847849_116227263008424_5495665961226884416_n.jpg?_nc_ht=scontent-icn1-1.cdninstagram.com&_nc_cat=100,"맛들린 킥고잉~!!
#킥고잉 #21세기축지법 #킥고잉꿀잼 #병원고고싱",,,,,,,,,,
https://www.instagram.com/p/B0P8bUHhJgF/,2019-07-23T06:25:22.000Z,https://scontent-icn1-1.cdninstagram.com/vp/cf4ea83616408bb421e321373b9785b2/5DD573E6/t51.2885-15/e35/67109682_117754482848601_3102136679940099026_n.jpg?_nc_ht=scontent-icn1-1.cdninstagram.com&_nc_cat=109,"워킹맘의 출근법
#따릉이 타고 #분당선 타고 #전동킥보드 타고
.
.
#복직3주차 #피곤하지만 #사람꼴
#킥고잉 #21세기축지법 #킥고잉꿀잼",https://scontent-icn1-1.cdninstagram.com/vp/a84d7c14b6ea2c4d8515204e613c70dc/5DC7B2A8/t51.2885-15/e35/67122833_772858093116296_1457321977694555039_n.jpg?_nc_ht=scontent-icn1-1.cdninstagram.com&_nc_cat=108,,,,,,,,,
https://www.instagram.com/p/B0P3KMWFd8O/,2019-07-23T05:39:20.000Z,https://scontent-icn1-1.cdninstagram.com/vp/aa20dbcce59f682c02b294e597aadb00/5DCF6835/t51.2885-15/e35/67239437_385682258748764_2188234100440634437_n.jpg?_nc_ht=scontent-icn1-1.cdninstagram.com&_nc_cat=108,#킥고잉 #21세기축지법,,,,,,,,,,
https://www.instagram.com/p/B0Pynesgffw/,2019-07-23T04:59:39.000Z,https://scontent-icn1-1.cdninstagram.com/vp/781a2d48c32cb94d286798c8a0981694/5DCB878C/t51.2885-15/e35/66174356_365197624196293_6219442450815610787_n.jpg?_nc_ht=scontent-icn1-1.cdninstagram.com&_nc_cat=101,#킥고잉 #21세기축지법 #킥고잉꿀잼,,,,,,,,,,
https://www.instagram.com/p/B0PuG_BpQ0N/,2019-07-23T04:20:15.000Z,https://scontent-icn1-1.cdninstagram.com/vp/b638692072ab52aef2b17a9f1e87a937/5DEB934E/t51.2885-15/e35/66796161_622283704949999_3047548616751280153_n.jpg?_nc_ht=scontent-icn1-1.cdninstagram.com&_nc_cat=111,#킥고잉 #21세기축지법 #킥고잉꿀잼,,,,,,,,,,
https://www.instagram.com/p/B0Ptk3lBjFy/,2019-07-23T04:15:36.000Z,https://scontent-icn1-1.cdninstagram.com/vp/596f6df489675b30942b5ba57bf3f095/5DE34237/t51.2885-15/e35/65748653_191240181870003_3372652350521106046_n.jpg?_nc_ht=scontent-icn1-1.cdninstagram.com&_nc_cat=103,#킥고잉#21세기축지법#킥고잉꿀잼,,,,,,,,,,
https://www.instagram.com/p/B0PkTHSBLVM/,2019-07-23T02:54:32.000Z,https://scontent-icn1-1.cdninstagram.com/vp/9f6db6c6a49eb0f91aee808dc6bc24e8/5DEDD621/t51.2885-15/fr/e15/s1080x1080/66301778_144445173318830_6091855561103920284_n.jpg?_nc_ht=scontent-icn1-1.cdninstagram.com&_nc_cat=102,#킥고잉 #21세기축지법 #킥고잉꿀잼,,,,,,,,,,
https://www.instagram.com/p/B0PiZUoFcMm/,2019-07-23T02:37:54.000Z,https://scontent-icn1-1.cdninstagram.com/vp/64fca8a8fa711baf158cfb0458812417/5DE53361/t51.2885-15/e35/s1080x1080/66428091_352596812306700_1028620273253717664_n.jpg?_nc_ht=scontent-icn1-1.cdninstagram.com&_nc_cat=100,Smart mobility war is begun in Gangnam Seoul. 서울에 공유 킥보드 업체들이 한꺼번에 3개 +1개 나 생겨남. 어디서들 이렇게 투자들을 받아오는지 부럽 ㅎㅎㅎ #킥고잉 #kickgoing #씽씽 #xingxing #고고씽 #gogo-ssing,,,,,,,,,,
https://www.instagram.com/p/B0Pcei9HZuo/,2019-07-23T01:46:11.000Z,https://scontent-icn1-1.cdninstagram.com/vp/01406bc7efabf83da676fe28ffce9ec7/5DD1EF5A/t51.2885-15/e35/s1080x1080/66345652_2517040511682064_3192182606805986082_n.jpg?_nc_ht=scontent-icn1-1.cdninstagram.com&_nc_cat=104,#킥고잉 #21세기축지법 #킥고잉꿀잼,,,,,,,,,,
https://www.instagram.com/p/B0PaftcHoQO/,2019-07-23T01:28:52.000Z,https://scontent-icn1-1.cdninstagram.com/vp/95ebb410115370d7c578a15a5e84a753/5DD5A1EB/t51.2885-15/e35/66648614_1622332444566225_1231626265320546287_n.jpg?_nc_ht=scontent-icn1-1.cdninstagram.com&_nc_cat=109,"#킥고잉#21세기축지법#킥고잉꿀잼
근데 연결 안돼서 못탄건 함정",,,,,,,,,,
https://www.instagram.com/p/B0PY5LGlWDk/,2019-07-23T01:14:52.000Z,https://scontent-icn1-1.cdninstagram.com/vp/4ae036a91dac5ec42736b96991666a2b/5DCF30C1/t51.2885-15/e35/66422235_159674018504301_8847372905440044948_n.jpg?_nc_ht=scontent-icn1-1.cdninstagram.com&_nc_cat=109,"#킥고잉 #21세기축지법 #킥고잉꿀잼
킥고잉 지역확장 되서 너무좋아요~~!!",,,,,,,,,,
https://www.instagram.com/p/B0PYENxBEG2/,2019-07-23T01:07:38.000Z,https://scontent-icn1-1.cdninstagram.com/vp/b22919ded0a6616acf477575d918e1cd/5DD0CB97/t51.2885-15/e35/67586911_371168326815296_4356104281515283287_n.jpg?_nc_ht=scontent-icn1-1.cdninstagram.com&_nc_cat=108,#킥고잉#21세기축지법#킥고잉꿀잼,,,,,,,,,,
https://www.instagram.com/p/B0PXXu8HpUi/,2019-07-23T01:01:34.000Z,https://scontent-icn1-1.cdninstagram.com/vp/06a840374950bd32987321415196699c/5DE4C2DE/t51.2885-15/e35/66075608_146103763127119_7401756951273958113_n.jpg?_nc_ht=scontent-icn1-1.cdninstagram.com&_nc_cat=107,#21세기축지법 #킥고잉 #킥고잉꿀잼,,,,,,,,,,
https://www.instagram.com/p/B0PSdmuBh7u/,2019-07-23T00:18:41.000Z,https://scontent-icn1-1.cdninstagram.com/vp/8fd7f7822096d5d434fcdedf4e58d6c7/5DD64193/t51.2885-15/e35/66616513_859299521118252_6074218992620835576_n.jpg?_nc_ht=scontent-icn1-1.cdninstagram.com&_nc_cat=100,#킥고잉#21세기축지법#킥고잉꿀잼,,,,,,,,,,
https://www.instagram.com/p/B0PRwmMpUVe/,2019-07-23T00:12:32.000Z,https://scontent-icn1-1.cdninstagram.com/vp/c8a2238811c4314272dc777c898c7053/5DEA6643/t51.2885-15/e35/66189323_445030999414595_104112366118658350_n.jpg?_nc_ht=scontent-icn1-1.cdninstagram.com&_nc_cat=111,"대박막히는대치동출근길
킥고잉으로슝슝~~
잼나네~~
학원앞 이면도로에도 차가 그득그득~
우리학원생들이아니라는게
슬퍼 ㅜㅜ
#킥고잉 #대치동출근길 #오늘도화이팅",https://scontent-icn1-1.cdninstagram.com/vp/e35d12a926df0aec687a1ad10dbe9461/5DCA7CE3/t51.2885-15/e35/67317977_122912862320204_1931574572104532604_n.jpg?_nc_ht=scontent-icn1-1.cdninstagram.com&_nc_cat=108,,,,,,,,,
https://www.instagram.com/p/B0PQSnNDsB7/,2019-07-22T23:59:42.000Z,https://scontent-icn1-1.cdninstagram.com/vp/8b856169ada64e9149ddd44d55f552e5/5DCC664D/t51.2885-15/e35/s1080x1080/66317407_370162937033201_340571229786228050_n.jpg?_nc_ht=scontent-icn1-1.cdninstagram.com&_nc_cat=105,#킥고잉 #21세기축지법 #킥고잉꿀잼,,,,,,,,,,
https://www.instagram.com/p/B0PP8DahpqU/,2019-07-22T23:56:37.000Z,https://scontent-icn1-1.cdninstagram.com/vp/f592a879bb670562ae629c703190979c/5DEA41F5/t51.2885-15/e35/66672567_1264574317024194_5245105734656997459_n.jpg?_nc_ht=scontent-icn1-1.cdninstagram.com&_nc_cat=106,"킥고잉.이벤트중
#킥고잉#21세기축지법",,,,,,,,,,
https://www.instagram.com/p/B0POZgRhEBm/,2019-07-22T23:43:10.000Z,https://scontent-icn1-1.cdninstagram.com/vp/d12625891811e71c04b295a1a5582b2c/5DB3DCD3/t51.2885-15/e35/s1080x1080/67327379_2366020380124187_2610783974204961746_n.jpg?_nc_ht=scontent-icn1-1.cdninstagram.com&_nc_cat=111,"정장입고 킥고잉타고 출근

#왜이제탓을까#진작탈껄
#킥고잉#kickgoing",,,,,,,,,,
https://www.instagram.com/p/B0POBAVF4Qn/,2019-07-22T23:39:49.000Z,https://scontent-icn1-1.cdninstagram.com/vp/e46b1a159a7d6e69954488940ef34504/5DDFEE7E/t51.2885-15/e35/s1080x1080/66444272_443577192894010_8189389108151054987_n.jpg?_nc_ht=scontent-icn1-1.cdninstagram.com&_nc_cat=110,#킥고잉 #21세기축지법 #킥고잉꿀잼,,,,,,,,,,
https://www.instagram.com/p/B0O_d9IFb3B/,2019-07-22T21:32:42.000Z,https://scontent-icn1-1.cdninstagram.com/vp/00bdfa9a21769ce2912297bcb80e9cdd/5DCBA6F2/t51.2885-15/e35/s1080x1080/66618404_354623081875370_7147546710857578013_n.jpg?_nc_ht=scontent-icn1-1.cdninstagram.com&_nc_cat=102,#킥고잉 #21세기축지법 #킥고잉꿀잼,,,,,,,,,,
https://www.instagram.com/p/B0OieXrjSsn/,2019-07-22T17:19:21.000Z,https://scontent-icn1-1.cdninstagram.com/vp/9be6ba89ac457d5ff8747016eedd0cca/5DD5E10E/t51.2885-15/e35/66082783_904607909916489_1875552865728127727_n.jpg?_nc_ht=scontent-icn1-1.cdninstagram.com&_nc_cat=109,#킥고잉 #21세기축지법 #킥고잉꿀잼,,,,,,,,,,
https://www.instagram.com/p/B0OWKh4hNkQ/,2019-07-22T15:31:47.000Z,https://scontent-icn1-1.cdninstagram.com/vp/2549ba2cf3be6cf48c9cda87170884fd/5DCEC129/t51.2885-15/e35/p1080x1080/67471262_197945411192951_6372069597148345941_n.jpg?_nc_ht=scontent-icn1-1.cdninstagram.com&_nc_cat=111,"“내가 찾을 때, 너가 없더라” #킥고잉",,,,,,,,,,
https://www.instagram.com/p/B0OUgCFhlZg/,2019-07-22T15:17:15.000Z,https://scontent-icn1-1.cdninstagram.com/vp/daf6913c3487510c590a1cba3ba974c1/5DCFFA28/t51.2885-15/e35/s1080x1080/66997811_180619796289321_5645843095179841220_n.jpg?_nc_ht=scontent-icn1-1.cdninstagram.com&_nc_cat=109,#킥고잉 #전동킥보드 #붕붕이 #토끼 #거북이 #드라이브 #퇴근길 #기분전환,,,,,,,,,,
https://www.instagram.com/p/B0OM9f5F54f/,2019-07-22T14:11:22.000Z,https://scontent-icn1-1.cdninstagram.com/vp/ebecca8a9265a7aa73de34e06be53a5e/5D3BB94C/t51.2885-15/e35/67318152_160066528483690_6631094264735105436_n.jpg?_nc_ht=scontent-icn1-1.cdninstagram.com&_nc_cat=110,"2019/07 퇴근길 스트레스해소! 힘찬괴성!!!+ 킥보드 오프로드주행영상?
.
.
.
.
.
.
.
.
.
.
.
.
.
#직장인 #스트레스 #스트레스해소 #퇴근길 #킥보드 #킥고잉 #스피드 #라이딩 #선릉 #바이크 #안전운전 #드라이브",https://scontent-icn1-1.cdninstagram.com/vp/b6747b54f7ad095c033846580c3ca28a/5DEA60AC/t51.2885-15/e35/67605712_506471050123853_3944553885748210959_n.jpg?_nc_ht=scontent-icn1-1.cdninstagram.com&_nc_cat=105,https://scontent-icn1-1.cdninstagram.com/vp/95c7489f46e9f2e7a41e5940162ba967/5D3BE48A/t51.2885-15/e35/67599573_364578724240980_4237131970363190815_n.jpg?_nc_ht=scontent-icn1-1.cdninstagram.com&_nc_cat=100,,,,,,,,
https://www.instagram.com/p/B0OHF_vpPoU/,2019-07-22T13:20:06.000Z,https://scontent-icn1-1.cdninstagram.com/vp/11379d986f06e9d2a90f4c18c70a7f44/5DCE837E/t51.2885-15/e35/67324779_152671629245949_2945001527868228654_n.jpg?_nc_ht=scontent-icn1-1.cdninstagram.com&_nc_cat=109,".
꺄-
이제 성수도 열렸다 열렸엉🛴🛴
셩장갈때 버스 안갈아 타도 되겠엉👏
면허증이 유용하긴 처음 ㅋ꙼̈ㅋ̆̎ㅋ̊̈ㅋ̌̈ㅋ̄̈ㅋ̐̈ㅋ̑̈ㅋ̆̈
.
#킥고잉 #kickgoing #성수 #성수동",,,,,,,,,,
https://www.instagram.com/p/B0OF-saps00/,2019-07-22T13:10:21.000Z,https://scontent-icn1-1.cdninstagram.com/vp/a63678fa3e34175562540be3f9c0bc5a/5DE42432/t51.2885-15/e35/66410399_430636844193658_5303809660950384920_n.jpg?_nc_ht=scontent-icn1-1.cdninstagram.com&_nc_cat=110,"190722

#판교 #테크노벨리 #삼평동 #화랑육교
육교투어의 시작
너만 3번 건넜다.. #유스페이스몰 #코벤튼가든 #판교점 #파스타 #피자
#우림w시티 #카페 #쏘뇨 #블루베리에이드
오늘도 과식을 저지르고 후회합니다

#킥고잉 자꾸 유혹하지마 🤐

#금토천 #판교역 뚜벅뚜벅 성공",https://scontent-icn1-1.cdninstagram.com/vp/e09ff36396cc3a39f736b731e36fd1de/5DD3A2D8/t51.2885-15/e35/66085747_633967757092960_5386808522998966227_n.jpg?_nc_ht=scontent-icn1-1.cdninstagram.com&_nc_cat=104,https://scontent-icn1-1.cdninstagram.com/vp/aed0aa904bdaed0c9a609a8a07997fd9/5DDF9BAB/t51.2885-15/e35/67392734_149697409555989_8141913081721480561_n.jpg?_nc_ht=scontent-icn1-1.cdninstagram.com&_nc_cat=109,https://scontent-icn1-1.cdninstagram.com/vp/ebfd90a188e352732c138ba56ce4362e/5DD02BEF/t51.2885-15/e35/66670598_225383291759683_243271686822545848_n.jpg?_nc_ht=scontent-icn1-1.cdninstagram.com&_nc_cat=107,https://scontent-icn1-1.cdninstagram.com/vp/2af703f68973682123b7ae3a4b7bba07/5DE96BEB/t51.2885-15/e35/67331083_183655209310037_7205135912134664898_n.jpg?_nc_ht=scontent-icn1-1.cdninstagram.com&_nc_cat=105,https://scontent-icn1-1.cdninstagram.com/vp/99dd755692366b919e826cf2e81cb5b4/5DEB9B86/t51.2885-15/e35/67284445_610387496151849_8800141482330152181_n.jpg?_nc_ht=scontent-icn1-1.cdninstagram.com&_nc_cat=109,,,,,
https://www.instagram.com/p/B0OBsHBJlYm/,2019-07-22T12:32:52.000Z,https://scontent-icn1-1.cdninstagram.com/vp/411720088025f3e566865e68dee6308e/5DE26D60/t51.2885-15/e35/s1080x1080/64433042_393246137981611_6667395040112184051_n.jpg?_nc_ht=scontent-icn1-1.cdninstagram.com&_nc_cat=107,#킥고잉 #21세기축지법 #킥고잉꿀잼,,,,,,,,,,
https://www.instagram.com/p/B0N9h_CAdIN/,2019-07-22T11:56:32.000Z,https://scontent-icn1-1.cdninstagram.com/vp/880cb0293d12755758df8aded5e7f11f/5DE17C85/t51.2885-15/e35/s1080x1080/66352981_2127824024009840_5227855816218950686_n.jpg?_nc_ht=scontent-icn1-1.cdninstagram.com&_nc_cat=108,#킥고잉 #21세기축지법 #킥고잉꿀잼,,,,,,,,,,
https://www.instagram.com/p/B0N8GHOFOZj/,2019-07-22T11:43:59.000Z,https://scontent-icn1-1.cdninstagram.com/vp/9cf527e3693815ffa82b8ebdb420e027/5DB53FED/t51.2885-15/e35/s1080x1080/67350220_2529929840405144_3081481823891154485_n.jpg?_nc_ht=scontent-icn1-1.cdninstagram.com&_nc_cat=108,뚜벅이는 도산사거리까지 가는게 넘나 힘들엉... 나의 출퇴근을 책임져주는 킥보드ㅋㅋㅋㅋㅋㅋㅋㅋ 9년 장롱면허가 이렇게라도 쓸모있구낳ㅎ...... #킥고잉 #21세기축지법 #킥고잉꿀잼,,,,,,,,,,
https://www.instagram.com/p/B0N7--tn3Dp/,2019-07-22T11:43:01.000Z,https://scontent-icn1-1.cdninstagram.com/vp/9c768f321c3c627a84047ab0aaa85a72/5DE256E1/t51.2885-15/e35/p1080x1080/66279052_463448654444444_5539220206565681636_n.jpg?_nc_ht=scontent-icn1-1.cdninstagram.com&_nc_cat=108,#킥고잉 #21세기축지법 #킥고잉꿀잼,,,,,,,,,,
https://www.instagram.com/p/B0N6UWGhi0b/,2019-07-22T11:28:27.000Z,https://scontent-icn1-1.cdninstagram.com/vp/0d3fedede0165562160fb2066e648032/5DDE5CF3/t51.2885-15/e35/66429492_944311529240092_443475415148206536_n.jpg?_nc_ht=scontent-icn1-1.cdninstagram.com&_nc_cat=104,#킥고잉 #21세기축지법 #킥고잉꿀잼 #무료이용쿠폰 #이벤트참여 ㅋㅋ,,,,,,,,,,
https://www.instagram.com/p/B0N22vqJBU2/,2019-07-22T10:58:12.000Z,https://scontent-icn1-1.cdninstagram.com/vp/ddb8a6e9a74f1cca5937d4170813c079/5DD09BBA/t51.2885-15/e35/s1080x1080/67351107_436477413604138_4124324432980226620_n.jpg?_nc_ht=scontent-icn1-1.cdninstagram.com&_nc_cat=110,#킥고잉 #21세기축지법 #킥고잉꿀잼 버스안타구 킥고잉으로 퇴근!!,,,,,,,,,,
https://www.instagram.com/p/B0N19ONhjQo/,2019-07-22T10:50:21.000Z,https://scontent-icn1-1.cdninstagram.com/vp/142a4eeadf46f6b45816917bde581100/5DE8B2A4/t51.2885-15/e35/p1080x1080/67439762_2118148908313336_7337935745317858926_n.jpg?_nc_ht=scontent-icn1-1.cdninstagram.com&_nc_cat=104,":
이젠 #따릉이 보단 #킥고잉

#kickgoing",,,,,,,,,,
https://www.instagram.com/p/B0NynOVlm2Y/,2019-07-22T10:21:08.000Z,https://scontent-icn1-1.cdninstagram.com/vp/3f117ff02091881cb605e247aa55db68/5DC9525E/t51.2885-15/e35/s1080x1080/66348466_400015770617747_1876151222289063580_n.jpg?_nc_ht=scontent-icn1-1.cdninstagram.com&_nc_cat=111,"찾았다 요놈🤭 오늘도 칼퇴 성공루
#21세기축지법 #킥고잉꿀잼 #킥고잉",,,,,,,,,,
https://www.instagram.com/p/B0NvgF-F-Or/,2019-07-22T09:53:56.000Z,https://scontent-icn1-1.cdninstagram.com/vp/76f2c74e2fd7e8207fe0babd4b6050c0/5DD31C70/t51.2885-15/e35/s1080x1080/67317976_159185821875092_1287646517162792498_n.jpg?_nc_ht=scontent-icn1-1.cdninstagram.com&_nc_cat=108,#킥고잉 #21세기축지법 #킥고잉꿀잼 #오예,,,,,,,,,,
https://www.instagram.com/p/B0Nu8lanI2m/,2019-07-22T09:49:06.000Z,https://scontent-icn1-1.cdninstagram.com/vp/bec94f54148883b74d11296d2ede7fa2/5DB4641C/t51.2885-15/e35/s1080x1080/67425987_151487469357230_6595522696671122568_n.jpg?_nc_ht=scontent-icn1-1.cdninstagram.com&_nc_cat=102,#킥고잉 #21세기축지법 #킥고잉꿀잼,,,,,,,,,,
https://www.instagram.com/p/B0NqUSTneH6/,2019-07-22T09:08:38.000Z,https://scontent-icn1-1.cdninstagram.com/vp/ec648360b701529707e7214590f936ee/5DD3BF24/t51.2885-15/e35/s1080x1080/62395398_369656257031231_5714662525745180603_n.jpg?_nc_ht=scontent-icn1-1.cdninstagram.com&_nc_cat=111,요즘 이거 탐 #킥고잉 #21세기축지법 #킥고잉꿀잼,,,,,,,,,,
https://www.instagram.com/p/B0NqR9fFr79/,2019-07-22T09:08:19.000Z,https://scontent-icn1-1.cdninstagram.com/vp/35713a4995fd682a6d7df392c1149efe/5DB3D971/t51.2885-15/e35/p1080x1080/67266186_146694363103722_448119112905974867_n.jpg?_nc_ht=scontent-icn1-1.cdninstagram.com&_nc_cat=106,"안타본 사람은 있어도 한번만 타본 사람 없다는 #킥고잉
세잼......... 👍
.
.
.
#킥고잉#학동사거리#압구정로데오#일상#좋아요",,,,,,,,,,
https://www.instagram.com/p/B0NpsB7JQ7c/,2019-07-22T09:03:09.000Z,https://scontent-icn1-1.cdninstagram.com/vp/98d4fff0778e5c3a542e71c82ee4c2d6/5DD5AEEE/t51.2885-15/e35/67125544_511693429637337_4209409377707513958_n.jpg?_nc_ht=scontent-icn1-1.cdninstagram.com&_nc_cat=109,쿠폰주세욥~~~~ㅎ #킥고잉 #21세기축지법 #킥고잉꿀잼,,,,,,,,,,
https://www.instagram.com/p/B0NpqfoBwCJ/,2019-07-22T09:02:56.000Z,https://scontent-icn1-1.cdninstagram.com/vp/af38f969b57fbc0ae523c6ccdba792d1/5DDE62F5/t51.2885-15/e35/67562991_2180013842121246_8519037804673951810_n.jpg?_nc_ht=scontent-icn1-1.cdninstagram.com&_nc_cat=106,@920321won @susu_8707 #킥고잉 #21세기축지법 #킥고잉꿀잼 👍🏻,,,,,,,,,,
https://www.instagram.com/p/B0Nn9uThJfx/,2019-07-22T08:48:05.000Z,https://scontent-icn1-1.cdninstagram.com/vp/976d1720f14feed00fa169c3b68f2712/5DE8DD58/t51.2885-15/e35/65963398_445909759589116_3552310408399634378_n.jpg?_nc_ht=scontent-icn1-1.cdninstagram.com&_nc_cat=104,"현재 진행 중인 이벤트 입니다^^ 사실상 오시는 모든 분들 도촌코스(약15분)는 무료로
시승 가능 합니다 단 신분증 및 면허증 지참 하세요

전품목 세일 중이며 구매자 분들 중

추첨을 통하여 49만 원 전동킥보드 무료 나눔 합니다

많이 많이 이용해 주세요 ^^ 문의
휠앤킥성남점

031 758 0859
010 7544 0859

#휠앤킥성남점 #전동킥보드 #전동킥보드수리 #전동킥보드대여#전동킥보드무료대여#전동킥보드렌트#전동킥보드렌탈#전동킥보드AS#가성비킥보드#저렴한전동킥보드#저렴한킥보드#전동퀵보드#전동휠#스마트모빌리티#중고킥보드#킥보드직구#직구킥보드#킥고잉#키고잉#카카오자전거#전기자전거#전동자전거#차세대모빌리티#차세대이동수단#킥보드타는법#킥보드안전#킥보드법규#전동킥보드사고#전동킥보드사용설명서#전동킥보드강의",,,,,,,,,,
https://www.instagram.com/p/B0NkJ5lA4Ec/,2019-07-22T08:14:47.000Z,https://scontent-icn1-1.cdninstagram.com/vp/8ce0349f88dda71a65da01baa3b6fd8a/5DD2125B/t51.2885-15/e35/s1080x1080/66136338_154655989039825_502183252743601528_n.jpg?_nc_ht=scontent-icn1-1.cdninstagram.com&_nc_cat=101,#킥고잉#21세기축지법 #킥고잉꿀잼,,,,,,,,,,
https://www.instagram.com/p/B0NjsNTjAcs/,2019-07-22T08:12:17.000Z,https://scontent-icn1-1.cdninstagram.com/vp/f8c050d0a0e478b727da2acddc454914/5D3CE4C1/t51.2885-15/e35/67558928_2372304406195190_332020500890253309_n.jpg?_nc_ht=scontent-icn1-1.cdninstagram.com&_nc_cat=102,"누가 사용법 좀 알려주세요... 이거 자동아니었나요..?
#킥고잉 #수동 #발구르기",,,,,,,,,,
https://www.instagram.com/p/B0NjVtXHUOo/,2019-07-22T08:07:40.000Z,https://scontent-icn1-1.cdninstagram.com/vp/17d66df8a76c154c5713067e6824c1bb/5DE3D539/t51.2885-15/e35/p1080x1080/67520124_907518176250215_7811235283725417379_n.jpg?_nc_ht=scontent-icn1-1.cdninstagram.com&_nc_cat=111,"🌈
한번 타는 맛을 들이니,
걷기가 싫다 .. 🤦🏻‍♀️
이렇게 애용하게 될줄 몰랐지..
사고싶다 킥보드..
꿀 잼....
.
.

#킥고잉 #21세기축지법 #킥고잉꿀잼 #이벤트
- 무료쿠폰 준데요 / 참여 하세용 #꿀이득 #놓치지않을거에요 💃🏻
#킥보드 #데일리 #가로수길 #신나
#daily #life #feelfree",,,,,,,,,,
https://www.instagram.com/p/B0NjRpvjKVC/,2019-07-22T08:07:07.000Z,https://scontent-icn1-1.cdninstagram.com/vp/e69c2db12e05bbf1e6aa1418f8cb50a7/5DE7D595/t51.2885-15/e35/s1080x1080/66094931_149865449429603_8832641491343127325_n.jpg?_nc_ht=scontent-icn1-1.cdninstagram.com&_nc_cat=111,"🛴뱌뱡 댐뵤👊
#킥고잉 #21세기축지법 #킥고잉꿀잼",,,,,,,,,,
https://www.instagram.com/p/B0NgTlHBG1I/,2019-07-22T07:41:10.000Z,https://scontent-icn1-1.cdninstagram.com/vp/f43ee6f02494e586305a0f1a5108fb06/5DD29EE2/t51.2885-15/fr/e15/s1080x1080/66099639_474144623406131_329281251042794120_n.jpg?_nc_ht=scontent-icn1-1.cdninstagram.com&_nc_cat=111,#킥고잉#21세기축지법#킥고잉꿀잼,,,,,,,,,,
https://www.instagram.com/p/B0NgRLpFYky/,2019-07-22T07:40:50.000Z,https://scontent-icn1-1.cdninstagram.com/vp/9b92902636c127d8cd84fb16eafa01a6/5DE1D413/t51.2885-15/e35/s1080x1080/66670599_179352956422202_7277398198460480807_n.jpg?_nc_ht=scontent-icn1-1.cdninstagram.com&_nc_cat=102,#킥고잉 #21세기축지법 #킥고잉꿀잼,,,,,,,,,,
https://www.instagram.com/p/B0NcdyrgwXx/,2019-07-22T07:07:36.000Z,https://scontent-icn1-1.cdninstagram.com/vp/5150945b715693f8cfd257e8481cc3bc/5DE8F65B/t51.2885-15/e35/s1080x1080/66413665_383463102342648_5858867036460525338_n.jpg?_nc_ht=scontent-icn1-1.cdninstagram.com&_nc_cat=100,"중독성 무엇🙄
#킥고잉 #21세축지법 #킥고잉꿀잼",https://scontent-icn1-1.cdninstagram.com/vp/8e0949096c34f7bae5e470a2f444c888/5DDEFC52/t51.2885-15/e35/s1080x1080/66837303_410933756200843_297258020014869684_n.jpg?_nc_ht=scontent-icn1-1.cdninstagram.com&_nc_cat=107,,,,,,,,,
https://www.instagram.com/p/B0NbfiVnRag/,2019-07-22T07:00:25.000Z,https://scontent-icn1-1.cdninstagram.com/vp/7550f78eb8c2dbd095d8b4539f05b5d2/5D3C1C8D/t51.2885-15/e35/66176869_444024936182208_429908577799586094_n.jpg?_nc_ht=scontent-icn1-1.cdninstagram.com&_nc_cat=100,"🛴빵빵🚨
.
#럽스타그램 #데이트 #일상 #연남동 #연남동맛집 #킥보드 #전동킥보드 #킥고잉",,,,,,,,,,
https://www.instagram.com/p/B0NaU7CngeF/,2019-07-22T06:48:55.000Z,https://scontent-icn1-1.cdninstagram.com/vp/421b26ea2eff8a9a62b84da93029480d/5DB64FAA/t51.2885-15/e35/66650486_1555010501301215_6237246047032810693_n.jpg?_nc_ht=scontent-icn1-1.cdninstagram.com&_nc_cat=111,"출근시 자주 이용하고 있는 킥고잉! 고맙당
.
#킥고잉 #21세기축지법 #킥고잉꿀잼",,,,,,,,,,
https://www.instagram.com/p/B0NXzKJnbqo/,2019-07-22T06:26:50.000Z,https://scontent-icn1-1.cdninstagram.com/vp/db35fb8c190a1abedd486c3ab6a408ba/5DEA2AB0/t51.2885-15/e35/s1080x1080/65646858_216692702642934_3341793158552508865_n.jpg?_nc_ht=scontent-icn1-1.cdninstagram.com&_nc_cat=106,#킥고잉 !!!! 🛴🛴🛴🛴🛴,,,,,,,,,,
https://www.instagram.com/p/B0NTLfeBYyr/,2019-07-22T05:46:28.000Z,https://scontent-icn1-1.cdninstagram.com/vp/4ad6a0c628b72ef14503762bcee1de2f/5DDEF0A1/t51.2885-15/e35/s1080x1080/66272222_2266438483463427_9040186001421679479_n.jpg?_nc_ht=scontent-icn1-1.cdninstagram.com&_nc_cat=103,#킥고잉 #21세기축지법 #킥고잉꿀잼,,,,,,,,,,
https://www.instagram.com/p/B0NSRsTpzzk/,2019-07-22T05:38:34.000Z,https://scontent-icn1-1.cdninstagram.com/vp/68c6c9ec437270cdb0bfe9d5ba386673/5DED9906/t51.2885-15/e35/66443511_120375572578676_4851641506310980562_n.jpg?_nc_ht=scontent-icn1-1.cdninstagram.com&_nc_cat=108,#킥고잉 #21세기축지법 #킥고잉꿀잼,,,,,,,,,,
https://www.instagram.com/p/B0NLf9yF7IJ/,2019-07-22T04:39:21.000Z,https://scontent-icn1-1.cdninstagram.com/vp/b306ea9f5e1d2c73022d272265eed3bb/5DCA2D58/t51.2885-15/e35/66029796_446935006160213_7474921180256902729_n.jpg?_nc_ht=scontent-icn1-1.cdninstagram.com&_nc_cat=105,"#킥고잉 #21세기축지법 #킥고잉꿀잼
쿠폰주세요",,,,,,,,,,
https://www.instagram.com/p/B0NK38OHsfV/,2019-07-22T04:33:53.000Z,https://scontent-icn1-1.cdninstagram.com/vp/d3c51de513e95e3871dec0de0994a2f9/5DD094FF/t51.2885-15/e35/66416301_152471479230908_2083961698497535249_n.jpg?_nc_ht=scontent-icn1-1.cdninstagram.com&_nc_cat=108,#킥고잉 #21세기축지법 #이젠걷지도않는다 #하얀다리협찬,,,,,,,,,,
https://www.instagram.com/p/B0NGlDwpxkc/,2019-07-22T03:56:21.000Z,https://scontent-icn1-1.cdninstagram.com/vp/c3a175ab5c9ddee3c107b609feb8eed9/5DDE9CEB/t51.2885-15/e35/62140172_682692402205051_399376511544114180_n.jpg?_nc_ht=scontent-icn1-1.cdninstagram.com&_nc_cat=107,#킥고잉#21세기축지법#킥고잉꿀잼,,,,,,,,,,
https://www.instagram.com/p/B0NBh0opDLj/,2019-07-22T03:12:13.000Z,https://scontent-icn1-1.cdninstagram.com/vp/f143d7b77b09d05f7ec7e639f9c83287/5DCC8D5F/t51.2885-15/e35/s1080x1080/67565707_2346702275577375_6953088559645518718_n.jpg?_nc_ht=scontent-icn1-1.cdninstagram.com&_nc_cat=103,#킥고잉 #21세기축지법 #킥고잉꿀잼,,,,,,,,,,
https://www.instagram.com/p/B0M-4SgjTeo/,2019-07-22T02:49:05.000Z,https://scontent-icn1-1.cdninstagram.com/vp/fe3fc8c5253e1eae5a762589bcde12e8/5DB13C68/t51.2885-15/e35/67432772_1293681724140263_1888372304319232979_n.jpg?_nc_ht=scontent-icn1-1.cdninstagram.com&_nc_cat=111,"#킥고잉 #21세기축지법 #킥고잉꿀잼
얼른타고퇴근하고싶다..판교 서비스 지역 백현마을도 포함시켜주세여!!!!!!!!!!!!!",,,,,,,,,,
https://www.instagram.com/p/B0M7n4nJvnK/,2019-07-22T02:20:37.000Z,https://scontent-icn1-1.cdninstagram.com/vp/50a12e8bf0ad01e402e95de5f80f8f4a/5DDFA31E/t51.2885-15/e35/67351962_102957077639530_143935585853136320_n.jpg?_nc_ht=scontent-icn1-1.cdninstagram.com&_nc_cat=110,#킥고잉#21세기축지법#킥고잉꿀잼,,,,,,,,,,
https://www.instagram.com/p/B0M3ORnJTV5/,2019-07-22T01:42:10.000Z,https://scontent-icn1-1.cdninstagram.com/vp/be02f565144a2666915da14673be04a9/5DB49E6F/t51.2885-15/e35/67295345_2455415548113670_5799065993957443991_n.jpg?_nc_ht=scontent-icn1-1.cdninstagram.com&_nc_cat=110,#킥고잉 #21세기축지법 #킥고잉꿀잼,,,,,,,,,,
https://www.instagram.com/p/B0MvFIGBlC2/,2019-07-22T00:31:01.000Z,https://scontent-icn1-1.cdninstagram.com/vp/b114cf58836034936b72c822f313ba67/5DB37D32/t51.2885-15/e35/s1080x1080/66346491_181517379525915_8111841832907061566_n.jpg?_nc_ht=scontent-icn1-1.cdninstagram.com&_nc_cat=103,#킥고잉 #21세기축지법 #킥고잉꿀잼,,,,,,,,,,
https://www.instagram.com/p/B0MsfXPn7D9/,2019-07-22T00:08:23.000Z,https://scontent-icn1-1.cdninstagram.com/vp/8b02f66aef4e54eb7cc135af03c8dbd7/5DCB3508/t51.2885-15/e35/s1080x1080/66255393_2546310255419272_7880983023748841456_n.jpg?_nc_ht=scontent-icn1-1.cdninstagram.com&_nc_cat=104,#킥고잉#21세기축지법#킥고잉꿀잼,,,,,,,,,,
https://www.instagram.com/p/B0MsUs-ldNa/,2019-07-22T00:06:56.000Z,https://scontent-icn1-1.cdninstagram.com/vp/dd752014bc0e7fc2002d58009b687a3f/5DC773BE/t51.2885-15/e35/s1080x1080/66172662_481749262600644_6943496680440136135_n.jpg?_nc_ht=scontent-icn1-1.cdninstagram.com&_nc_cat=100,#킥고잉 #21세기축지법 #킥고잉꿀잼,,,,,,,,,,
https://www.instagram.com/p/B0Mr0mCHg8x/,2019-07-22T00:02:33.000Z,https://scontent-icn1-1.cdninstagram.com/vp/d7560c29dd3d98ddcef1668e988aaa23/5DE84725/t51.2885-15/e35/s1080x1080/66667125_160720388419313_8868192117523717036_n.jpg?_nc_ht=scontent-icn1-1.cdninstagram.com&_nc_cat=105,#킥고잉#21세기축지법#킥고잉꿀잼#덥다,,,,,,,,,,
https://www.instagram.com/p/B0MruKCHhOD/,2019-07-22T00:01:40.000Z,,".
킥고잉을 타면.
역삼역 직장인도 점심시간에.
평양냉면의 진수 우래옥을 맛볼 수 있습니다.
하하하하하하하하하하하하하.
.
.
.
#21세기축지법 #킥고잉 #킥고잉꿀잼 #공유킥보드 #꿀잼 #기부니가좋다 #날으는기분 #킥보드 #전동킥보드 #우래옥강남점 #평냉 #평양냉면 #우래옥 #jmt",https://scontent-icn1-1.cdninstagram.com/vp/91bc17579abf6d8811179dfeecd290a8/5DB32587/t51.2885-15/e35/65772760_354125578599600_4966717034334646248_n.jpg?_nc_ht=scontent-icn1-1.cdninstagram.com&_nc_cat=100,https://scontent-icn1-1.cdninstagram.com/vp/3aff78d434648003d1ab16b7009549d4/5DB54A04/t51.2885-15/e35/66180594_144191210107695_7394595117304340984_n.jpg?_nc_ht=scontent-icn1-1.cdninstagram.com&_nc_cat=103,https://scontent-icn1-1.cdninstagram.com/vp/90d1b8335e483bcbc27b33599514f0a9/5DE824E0/t51.2885-15/e35/66338047_1661952380616485_7195911443921948267_n.jpg?_nc_ht=scontent-icn1-1.cdninstagram.com&_nc_cat=105,https://scontent-icn1-1.cdninstagram.com/vp/f6cb70ef019a579e526831f18e880056/5DE1D777/t51.2885-15/e35/66658998_350637045856684_4499813040267870875_n.jpg?_nc_ht=scontent-icn1-1.cdninstagram.com&_nc_cat=104,,,,,,
https://www.instagram.com/p/B0MqZ3vjWzl/,2019-07-21T23:50:10.000Z,https://scontent-icn1-1.cdninstagram.com/vp/97c86c0539f383fae69c4b46a0c0e3c1/5DB1F332/t51.2885-15/e35/s1080x1080/65851752_161005601730088_8700347563596320895_n.jpg?_nc_ht=scontent-icn1-1.cdninstagram.com&_nc_cat=104,"라이더님들의 관심과 사랑으로 킥고잉이 드디어 21만 라이더를 달성하였습니다!
⠀
21만 라이더님들의 이동이 즐겁도록 킥고잉이 작은 이벤트를 준비하였습니다👏
⠀
🛴‘21세기 축지법 킥고잉’을 찾아라!🛴
⠀
<어떻게 참여해요?>
⠀
1️⃣! 숨어있는 '21세기 축지법’ 찾기!
킥고잉 QR코드 상단에 있는 ‘21세기 축지법’을 찰칵~!
⠀
2️⃣! 친구에게 자랑하기!
인스타그램 공유 후 #킥고잉 #21세기축지법 #킥고잉꿀잼 태그와 함께 업로드~!
⠀
3️⃣! 인스타그램 게시물의 링크를 입력해주세요!
인스타그램 게시물 링크를 복사 후, 킥고잉 이벤트 페이지에 참여하면 끝~! 🛴이벤트 링크!

https://forms.gle/nPkU7qFxf4Cv1joo8
⠀
😥21세기 축지법이 안보여요ㅠㅠ😥
‘21세기 축지법’이 아니라도 좋아요! 다른 메세지로 업로드해도 쿠폰~!
⠀
<킥고잉 쿠폰 받고, 즐겁게 하루를 시작하세요!>
⠀
1️⃣! 21세기 축지법을 찾은 라이더님께는 킥고잉 무료쿠폰 3장!!
⠀
2️⃣! 다른 메세지로 올리셔도 킥고잉 무료쿠폰 1장!!
⠀
<이벤트 기간>
2019.07.22 ~ 07.31
⠀
<쿠폰 지급 기간>
2019.08.01 ~ 08.02
⠀
*킥고잉의 사진이 아닌 경우 쿠폰이 지급되지 않을 수 있습니다.
⠀
*인스타그램 @kickgoing_official 팔로우 하시면, 다양한 이벤트 및 킥고잉 이야기를 받아보실 수 있습니다. *비공개 계정은 이벤트 참여가 어렵습니다.
⠀
이동에 즐거움을 더하다.
⠀
#킥고잉 #21세기축지법 #21만달성이벤트 #킥고잉꿀잼",,,,,,,,,,
https://www.instagram.com/p/B0MoEjQHuuQ/,2019-07-21T23:29:46.000Z,https://scontent-icn1-1.cdninstagram.com/vp/436b5b49638025eed7dd91019481adb9/5DE31797/t51.2885-15/e35/s1080x1080/66841002_456320641871493_3659753446218945948_n.jpg?_nc_ht=scontent-icn1-1.cdninstagram.com&_nc_cat=109,"#한강
서울도이뻐
#성수대교 #한강뷰 #킥고잉 #재미나다 #🛴 #흐림",,,,,,,,,,
https://www.instagram.com/p/B0L0_G5g2O8/,2019-07-21T16:04:49.000Z,https://scontent-icn1-1.cdninstagram.com/vp/df3421864b40ab801e0a7eae6df858ab/5D3C09AF/t51.2885-15/e35/67292971_1323503541158510_62095955706564294_n.jpg?_nc_ht=scontent-icn1-1.cdninstagram.com&_nc_cat=102,"#킥고잉 #킵고잉
#kickgoing #keepgoing
🏃🏻‍♂️🏃🏻‍♂️🏃🏻‍♂️",,,,,,,,,,
https://www.instagram.com/p/B0Lu_F9Fa84/,2019-07-21T15:10:57.000Z,https://scontent-icn1-1.cdninstagram.com/vp/2ab2eb6f0ac72e0842377119554daf76/5DC7A5F6/t51.2885-15/e35/s1080x1080/67133656_155289808976511_2608265277692751807_n.jpg?_nc_ht=scontent-icn1-1.cdninstagram.com&_nc_cat=103,"하쿠나 마타타~
알라딘이 쵝오~
#라이온킹 #심바 #하쿠나마타타 #알라딘",,,,,,,,,,
https://www.instagram.com/p/B0Lt-DLhi-M/,2019-07-21T15:02:04.000Z,https://scontent-icn1-1.cdninstagram.com/vp/9e592124d893b5ee6dc5d9225f604f19/5DE15D7C/t51.2885-15/e35/66374389_116843202941713_5820913536526506781_n.jpg?_nc_ht=scontent-icn1-1.cdninstagram.com&_nc_cat=101,"2019.07.20
서울나들이🚆🚝😄😄 #서울 #송파나루역맛집 #송리단길 길 #킥고잉 #잠실새내 #지금보고싶다술집 #빈털털이 #00년생 #다음에또만나요👋#양말이포인트🙊",,https://scontent-icn1-1.cdninstagram.com/vp/c7fed6139b8e19838257271f35b7dc0e/5DE69D84/t51.2885-15/e35/67442437_433311724065277_8006415602369562146_n.jpg?_nc_ht=scontent-icn1-1.cdninstagram.com&_nc_cat=101,https://scontent-icn1-1.cdninstagram.com/vp/325111404043df88bf7c9add9fd3372a/5DD59B13/t51.2885-15/e35/67354699_2476345099267481_1950088885560329366_n.jpg?_nc_ht=scontent-icn1-1.cdninstagram.com&_nc_cat=105,https://scontent-icn1-1.cdninstagram.com/vp/e7325b31fccaf657cfacb97d9e33a2da/5DB4ACEB/t51.2885-15/e35/67441695_337998257103081_4315999419986899829_n.jpg?_nc_ht=scontent-icn1-1.cdninstagram.com&_nc_cat=109,https://scontent-icn1-1.cdninstagram.com/vp/4e11891a74c5640b3200f9336b2a95ff/5DCC4C00/t51.2885-15/e35/66065508_409346303260292_5560580122996376408_n.jpg?_nc_ht=scontent-icn1-1.cdninstagram.com&_nc_cat=108,https://scontent-icn1-1.cdninstagram.com/vp/3bd12086e0920e4f47fdb4dc33687223/5DE0CBDE/t51.2885-15/e35/66832322_158900378597087_8665474450634236279_n.jpg?_nc_ht=scontent-icn1-1.cdninstagram.com&_nc_cat=111,https://scontent-icn1-1.cdninstagram.com/vp/32b48ebb1d4d0a165ac2d0e0751de2d5/5DEBBD01/t51.2885-15/e35/66018880_3347375318613306_9000226103376702329_n.jpg?_nc_ht=scontent-icn1-1.cdninstagram.com&_nc_cat=106,https://scontent-icn1-1.cdninstagram.com/vp/3fec6ac1158332b059016e1abd043274/5DCECAB3/t51.2885-15/e35/66314424_913789322288807_2531592790361225121_n.jpg?_nc_ht=scontent-icn1-1.cdninstagram.com&_nc_cat=111,https://scontent-icn1-1.cdninstagram.com/vp/8fa09411ae5ab773ef3fc4a96f462a17/5DDF219F/t51.2885-15/e35/67123092_638208206679178_3959815498516857356_n.jpg?_nc_ht=scontent-icn1-1.cdninstagram.com&_nc_cat=110,https://scontent-icn1-1.cdninstagram.com/vp/22762ef34c0af3cbafab8842741d737d/5DB05AED/t51.2885-15/e35/67150443_175885113445702_4430190111181642546_n.jpg?_nc_ht=scontent-icn1-1.cdninstagram.com&_nc_cat=110
https://www.instagram.com/p/B0LqyAUlE5A/,2019-07-21T14:34:13.000Z,https://scontent-icn1-1.cdninstagram.com/vp/14fc517e89ccbaf21f9b853bef87ea6c/5DD5D19A/t51.2885-15/e35/p1080x1080/67413794_1122671947918986_8847483923163748214_n.jpg?_nc_ht=scontent-icn1-1.cdninstagram.com&_nc_cat=106,🛴🛴🛴🏃🏻‍♀️🏃🏻‍♀️🏃🏻‍♀️,https://scontent-icn1-1.cdninstagram.com/vp/4404ac4280c608d2e0a91d14f8960bed/5DE7688C/t51.2885-15/e35/p1080x1080/66484427_2341351892597540_8515846801157635192_n.jpg?_nc_ht=scontent-icn1-1.cdninstagram.com&_nc_cat=108,,,,,,,,,
https://www.instagram.com/p/B0LqZB8gsgA/,2019-07-21T14:30:48.000Z,https://scontent-icn1-1.cdninstagram.com/vp/333a98f91cd080041a7088f3660d2375/5DCF86A7/t51.2885-15/e35/67421636_2424763461077925_3917120308076067539_n.jpg?_nc_ht=scontent-icn1-1.cdninstagram.com&_nc_cat=109,"광장시장 투얼
엔딩은 킥고잉 🛴
#종로#광장시장#창신육회#육회#맥컬리#킥고잉#빈대떡",https://scontent-icn1-1.cdninstagram.com/vp/de830bff3c7b610bd4ae2e9e496f1f92/5DDE58F3/t51.2885-15/e35/67324996_134000041143592_2707839370188540989_n.jpg?_nc_ht=scontent-icn1-1.cdninstagram.com&_nc_cat=104,,https://scontent-icn1-1.cdninstagram.com/vp/86d5ba551bac843e5ae0dab73c46ce2c/5DE801E7/t51.2885-15/e35/65304253_1159648104219528_1556120753079014531_n.jpg?_nc_ht=scontent-icn1-1.cdninstagram.com&_nc_cat=100,https://scontent-icn1-1.cdninstagram.com/vp/22c5d3d7fcba1759a5f43ec01630bd0a/5DC8F9B5/t51.2885-15/e35/64446216_159208218578295_5638961716878892273_n.jpg?_nc_ht=scontent-icn1-1.cdninstagram.com&_nc_cat=103,https://scontent-icn1-1.cdninstagram.com/vp/46e6eff6e09f136a12a0d7a9e48e44d9/5DE046C0/t51.2885-15/e35/67394013_630742310757039_1746972313377829488_n.jpg?_nc_ht=scontent-icn1-1.cdninstagram.com&_nc_cat=103,https://scontent-icn1-1.cdninstagram.com/vp/18edc2bf3e56221c778f82e855a8b51c/5DDFB144/t51.2885-15/e35/66386161_437642673630084_4778872570451276566_n.jpg?_nc_ht=scontent-icn1-1.cdninstagram.com&_nc_cat=100,https://scontent-icn1-1.cdninstagram.com/vp/5165109301f3ef4245c742871d2d2b33/5DD68BC0/t51.2885-15/e35/66102936_722963738147202_3979262872342330388_n.jpg?_nc_ht=scontent-icn1-1.cdninstagram.com&_nc_cat=106,,,
https://www.instagram.com/p/B0Lj-6JpRR5/,2019-07-21T13:34:49.000Z,https://scontent-icn1-1.cdninstagram.com/vp/58fe5cde14859441d1735dd20b0e90ac/5DC90029/t51.2885-15/e35/67634429_502096933892349_279751619413380774_n.jpg?_nc_ht=scontent-icn1-1.cdninstagram.com&_nc_cat=109,"나도 타보기 ㅋㅋㅋ
너무 시원함~
첫사진은 타지도 않은거 찍어달라고 ㅋㅋㅋ
킥고잉깔고 내아이디추천좀해줘
무료로타게 ㅋㅋㅋ

#킥고잉#킥보드",https://scontent-icn1-1.cdninstagram.com/vp/b4885a1b869af3b6a8d7c12030f91ce1/5DC898E9/t51.2885-15/e35/67439501_418054125587521_6996271608208991493_n.jpg?_nc_ht=scontent-icn1-1.cdninstagram.com&_nc_cat=101,https://scontent-icn1-1.cdninstagram.com/vp/fa8de730ea4c9c5aaf9f1a7fcf73d552/5DCD7C77/t51.2885-15/e35/67844414_215984756034007_5334403711772786271_n.jpg?_nc_ht=scontent-icn1-1.cdninstagram.com&_nc_cat=107,,,,,,,,
https://www.instagram.com/p/B0Ld_2rpmOe/,2019-07-21T12:42:31.000Z,https://scontent-icn1-1.cdninstagram.com/vp/bd894dd64b8d5a2215feb50b1b27b81f/5DCDDF24/t51.2885-15/e35/66372428_2163214843805403_5527193029430237224_n.jpg?_nc_ht=scontent-icn1-1.cdninstagram.com&_nc_cat=103,#킥고잉#석촌동#드리프트#꼬불꼬불다운힐#노르테유익스프레스#레이서#스피드광 달려!!,https://scontent-icn1-1.cdninstagram.com/vp/b60270af16479ddc8accb1c8bf548b71/5DED0F31/t51.2885-15/e35/67064657_124375405486801_2250618329219346347_n.jpg?_nc_ht=scontent-icn1-1.cdninstagram.com&_nc_cat=101,,,,,,,,,
https://www.instagram.com/p/B0LatA5H4ja/,2019-07-21T12:13:43.000Z,https://scontent-icn1-1.cdninstagram.com/vp/c2dde15a3ac2e537c70822fbc20f0e37/5DE49BFC/t51.2885-15/e35/67223721_338586753756359_6116483142817453741_n.jpg?_nc_ht=scontent-icn1-1.cdninstagram.com&_nc_cat=111,"킥고잉 첫경험
.
.
#킥고잉 #킥고잉첫경험 #동네
#우리동네 #강남 #선릉 #마실
#주말 #일요일 #오후 #일상 #일상소통
#좋반 #일상스타그램 #데일리
#daily #follow #selfie",,,,,,,,,,
https://www.instagram.com/p/B0LNvq6halE/,2019-07-21T10:20:43.000Z,https://scontent-icn1-1.cdninstagram.com/vp/234055fd4d38c8d033a24cfd76c1ed64/5D3C273E/t51.2885-15/e35/66484749_130192201539060_7747092842730074869_n.jpg?_nc_ht=scontent-icn1-1.cdninstagram.com&_nc_cat=100,"집에가는길
#킥고잉#초보운전",,,,,,,,,,
https://www.instagram.com/p/B0LHc5sHZqu/,2019-07-21T09:25:30.000Z,https://scontent-icn1-1.cdninstagram.com/vp/ab7e383a6058e7544ab1dd99bb9eee69/5D3CD8D3/t51.2885-15/e35/67370932_846911015690198_984736002919998979_n.jpg?_nc_ht=scontent-icn1-1.cdninstagram.com&_nc_cat=102,킥보드 타고 동네마실🛴🛴💨 #킥고잉 #전동킥보드,https://scontent-icn1-1.cdninstagram.com/vp/87f1b9ca1dea117bd3480bacb7339508/5DB2583F/t51.2885-15/e35/p1080x1080/67606236_415159645756338_2200081975766330864_n.jpg?_nc_ht=scontent-icn1-1.cdninstagram.com&_nc_cat=106,https://scontent-icn1-1.cdninstagram.com/vp/1e5473ac758cdcf8afbd95d0b193498b/5D3BFC3B/t51.2885-15/e35/67233068_198706624452647_3921710361192654469_n.jpg?_nc_ht=scontent-icn1-1.cdninstagram.com&_nc_cat=111,,,,,,,,
https://www.instagram.com/p/B0KYq14pK34/,2019-07-21T02:36:43.000Z,https://scontent-icn1-1.cdninstagram.com/vp/77d4e91c48dc85cb138eb2515bc7a416/5DB1CF71/t51.2885-15/e35/66294033_210192833286305_5359878312083583275_n.jpg?_nc_ht=scontent-icn1-1.cdninstagram.com&_nc_cat=105,"성수동 Vibe~🎵 킥보드 졸잼

#Onioncafe#스니커하우스4#블루보틀#킥고잉",,https://scontent-icn1-1.cdninstagram.com/vp/793e5376441dc38de824c9a5fb396f88/5DCBB3F7/t51.2885-15/e35/66314873_566342027507225_8499681751754907835_n.jpg?_nc_ht=scontent-icn1-1.cdninstagram.com&_nc_cat=105,https://scontent-icn1-1.cdninstagram.com/vp/96588ee16f0e710f65981093e89de3be/5DC99242/t51.2885-15/e35/67386088_122274865718247_7755368806058330243_n.jpg?_nc_ht=scontent-icn1-1.cdninstagram.com&_nc_cat=103,https://scontent-icn1-1.cdninstagram.com/vp/1f92cc6ff31729c1d6ee229e8f8c0fc2/5DE65251/t51.2885-15/e35/65919685_1213841678777701_2543605033964005556_n.jpg?_nc_ht=scontent-icn1-1.cdninstagram.com&_nc_cat=101,https://scontent-icn1-1.cdninstagram.com/vp/5f8f4f6a2e5df1589888ccec90e84f20/5DE4670C/t51.2885-15/e35/67789948_1074053029456163_55468781071516172_n.jpg?_nc_ht=scontent-icn1-1.cdninstagram.com&_nc_cat=111,https://scontent-icn1-1.cdninstagram.com/vp/4785af7af1fe0a4a800fec0d332f67d5/5DB1DB3D/t51.2885-15/e35/66115958_1340080719483895_7670128297257489474_n.jpg?_nc_ht=scontent-icn1-1.cdninstagram.com&_nc_cat=107,https://scontent-icn1-1.cdninstagram.com/vp/64f63d434d3b97ac7def2609d6c699d0/5DEC0234/t51.2885-15/e35/67089731_446103892899758_5216619367266015367_n.jpg?_nc_ht=scontent-icn1-1.cdninstagram.com&_nc_cat=102,,,
https://www.instagram.com/p/B0KWrUiHCbo/,2019-07-21T02:19:18.000Z,https://scontent-icn1-1.cdninstagram.com/vp/77cabf8d059fcce3562c823c8376d374/5DE23BA5/t51.2885-15/e35/p1080x1080/67215780_422232778382461_7899589163823724470_n.jpg?_nc_ht=scontent-icn1-1.cdninstagram.com&_nc_cat=101,"멈추지말고 Kick going🛴
#잠실 #킥고잉 #석촌호수 #꿀잼 #selfie",https://scontent-icn1-1.cdninstagram.com/vp/9685625bc0d9bf5b7254faa7b4ad80ca/5DD587B7/t51.2885-15/e35/p1080x1080/66802565_608963826292595_8510980588125831656_n.jpg?_nc_ht=scontent-icn1-1.cdninstagram.com&_nc_cat=111,https://scontent-icn1-1.cdninstagram.com/vp/7fc02eb1190bf05a30d5fa3356f3a15d/5DDF15A6/t51.2885-15/e35/p1080x1080/66335938_571483969922509_7646293787220509713_n.jpg?_nc_ht=scontent-icn1-1.cdninstagram.com&_nc_cat=101,,,,,,,,
https://www.instagram.com/p/B0JjN5WF9DU/,2019-07-20T18:49:38.000Z,https://scontent-icn1-1.cdninstagram.com/vp/b4084fe074cc64e8059fc583e947fbac/5DD3AD96/t51.2885-15/e35/s1080x1080/67089448_165997954444116_3625267904150081634_n.jpg?_nc_ht=scontent-icn1-1.cdninstagram.com&_nc_cat=100,".
고객님께 더 나은 상담을 도와 드리기 위해
팀장님 집앞에 #킥고잉 타고 찾아가
도움 요청 후 #24시간 카페 찾아
3시간 미팅👍

이런 멘토가 있기에
제대로 성장할수 있는게 아닐까
내가 성장 못할 이유가 없고
못할 이유가 없다

#제멘토가되어주셔서감사합니다
.
.
.
———————————————————
❝순간을 미루면 인생마저 미루게 된다 ❞
🌏 신한금융그룹 ᴇᴀɢʟᴇs ᴅʀᴇᴀᴍ ᴛᴇᴀᴍ
예비부지점장 김주현
종합재무컨설팅 [ 펀드 / 저축 / 연금 / 보험 ]
🔶 ᴘʜᴏɴᴇ . 010-4924-7369
🔶 ᴋᴀᴋᴀᴏ . juju931227
[ ᴇᴀɢʟᴇs ɪɴᴛᴇʀɴsʜɪᴘ ᴘʀᴏɢʀᴀᴍ]
전문가육성과정 신입채용 中 ———————————————————",,,,,,,,,,
https://www.instagram.com/p/B0JKfjFJqVz/,2019-07-20T15:13:36.000Z,https://scontent-icn1-1.cdninstagram.com/vp/308cbedce08512473a2f146f426743ef/5DE1421E/t51.2885-15/e35/s1080x1080/65740722_921120478239892_4603789129240661197_n.jpg?_nc_ht=scontent-icn1-1.cdninstagram.com&_nc_cat=104,":
미세먼지 좋은 토욜🍩
킥고잉 타고 누룽지 먹고 도넛 사고 장 보기 ㅋㅋㅋ",https://scontent-icn1-1.cdninstagram.com/vp/4452c05de62315033c08460511da6496/5DC84BD4/t51.2885-15/e35/s1080x1080/67385267_898715097161734_6384717476493511963_n.jpg?_nc_ht=scontent-icn1-1.cdninstagram.com&_nc_cat=110,,,,,,,,,
https://www.instagram.com/p/B0IzBBfJikQ/,2019-07-20T11:48:27.000Z,https://scontent-icn1-1.cdninstagram.com/vp/be13529942694d27c9c2e7ccc8cfed78/5DEDCE3F/t51.2885-15/e35/s1080x1080/66683682_696686690772990_7460891599054799208_n.jpg?_nc_ht=scontent-icn1-1.cdninstagram.com&_nc_cat=106,스트레스 해소엔 오픈카 드라이브 #씽씽카 #부릉부릉 #킥고잉,,,,,,,,,,
https://www.instagram.com/p/B0Iy4Ielu2d/,2019-07-20T11:47:14.000Z,https://scontent-icn1-1.cdninstagram.com/vp/432220d54a6a9c533e1e6a93f41c04c1/5DD5013B/t51.2885-15/e35/p1080x1080/66427816_115685926155945_200093000378361279_n.jpg?_nc_ht=scontent-icn1-1.cdninstagram.com&_nc_cat=109,"[9 to 3]
똥그란거 타고 왔다가 또 집으로🚴🏻‍♂️🛴🚲
ㅡ
지현언니는 #김밥 싸오고 #봉숭아물들이기 🌺 꽃다다가 직접 만들어오고
문기대장킴은 세상힙한 #캠핑 #타프 #캠핑의자 #아이스박스
내가 만난 가장 고혹적인 지은언니는 #어린이 👧🏻 #어른이 👦🏻들을 위해 하나하나 손수 포장한 과자키트를
바이브🤘#라이프스타일 등언니는 우리 모두를 #명상의시간 으로 인도💆🏻‍♀️💆🏻‍♂️ 나마스떼🧘🏻‍♀️🧘🏻‍♂️오예
만물박사 상환님은 집에서 집까지 #드라이브 시켜주시고! 타이밍 기가 막히게 얌😋냠 음식 주문
나에게 친해지고 싶다고 수줍게 말하던 (무려) KBS PD 민채언니는 감각 사진으로 재능기부
ㅡ
#기억하려고기록
#토요일 #캠핑 #소풍 #드라이브 #씽씽이 #자전거 #킥고잉 #아우디 #인생 #일상 #행복",https://scontent-icn1-1.cdninstagram.com/vp/3828032258f0c64e4367285123635c52/5DEB30FE/t51.2885-15/e35/p1080x1080/66634098_474580223307986_2127224693369017042_n.jpg?_nc_ht=scontent-icn1-1.cdninstagram.com&_nc_cat=102,https://scontent-icn1-1.cdninstagram.com/vp/ab42510aa609ae03160c4da0518db83c/5DE4A8B2/t51.2885-15/e35/p1080x1080/66689646_698548633923149_720431664128984890_n.jpg?_nc_ht=scontent-icn1-1.cdninstagram.com&_nc_cat=105,https://scontent-icn1-1.cdninstagram.com/vp/40b3f1d1abd341879d78715b3fe206fe/5DD2CB06/t51.2885-15/e35/p1080x1080/66368035_707604699678147_7846731335949082482_n.jpg?_nc_ht=scontent-icn1-1.cdninstagram.com&_nc_cat=103,https://scontent-icn1-1.cdninstagram.com/vp/66a741467c367e669f7aff343beb867d/5DB1C9FF/t51.2885-15/e35/p1080x1080/66485358_324374355181990_4722541721765473662_n.jpg?_nc_ht=scontent-icn1-1.cdninstagram.com&_nc_cat=110,https://scontent-icn1-1.cdninstagram.com/vp/aa453919f57f750df69c4f4940fdee91/5DEBBB88/t51.2885-15/e35/p1080x1080/67141628_1156683627857707_5253875731493826205_n.jpg?_nc_ht=scontent-icn1-1.cdninstagram.com&_nc_cat=107,https://scontent-icn1-1.cdninstagram.com/vp/5b0e9119f735dd1960eb8f529bf0eb80/5DD4433F/t51.2885-15/e35/p1080x1080/66501063_354569325170907_3121633966814647657_n.jpg?_nc_ht=scontent-icn1-1.cdninstagram.com&_nc_cat=103,https://scontent-icn1-1.cdninstagram.com/vp/e30d2f82240819b5fee593d0b02e3016/5D3BE7F1/t51.2885-15/e35/65907930_153753619078534_1793888534608380892_n.jpg?_nc_ht=scontent-icn1-1.cdninstagram.com&_nc_cat=110,https://scontent-icn1-1.cdninstagram.com/vp/7ebc621f0c1ab30a375786ea6d9f0bb5/5DEB25B5/t51.2885-15/e35/p1080x1080/66268117_511130046299415_1965854966157423460_n.jpg?_nc_ht=scontent-icn1-1.cdninstagram.com&_nc_cat=103,https://scontent-icn1-1.cdninstagram.com/vp/7ffa909498bd314c9aa9e7ddf2a868f7/5DE2B745/t51.2885-15/e35/p1080x1080/67414570_156669785461103_2161668478342161168_n.jpg?_nc_ht=scontent-icn1-1.cdninstagram.com&_nc_cat=111,
https://www.instagram.com/p/B0IwADVpxag/,2019-07-20T11:22:06.000Z,https://scontent-icn1-1.cdninstagram.com/vp/029edae2ca17bc941f8ec20b99862725/5DB486E8/t51.2885-15/e35/s1080x1080/62241246_699446400504310_3363308275249859866_n.jpg?_nc_ht=scontent-icn1-1.cdninstagram.com&_nc_cat=110,"하늘 무엇!?
킥고잉 너무 재밌댜나...🤣
.
.
#잠실#석촌동#석촌고분#킥고잉#20분간#행복했다#내리니까#너무더워#사진스타그램#하늘👍",https://scontent-icn1-1.cdninstagram.com/vp/10b44a3fa9a57382fbefeeb70478ec03/5DC8A286/t51.2885-15/e35/s1080x1080/66717403_148558846325200_2265389101405861578_n.jpg?_nc_ht=scontent-icn1-1.cdninstagram.com&_nc_cat=104,,,,,,,,,
https://www.instagram.com/p/B0Iun6XAVYW/,2019-07-20T11:10:04.000Z,https://scontent-icn1-1.cdninstagram.com/vp/d16955ffc6026b9cb10ac43849076a2e/5DC970F9/t51.2885-15/e35/67170375_480009459245398_3269846997612858617_n.jpg?_nc_ht=scontent-icn1-1.cdninstagram.com&_nc_cat=110,"주말출근하고 맛있게 점심먹고 칼퇴하는길... 킥고잉 무료로 타봤다가
헬멧미착용으로 벌칙금 실화냐고..😭 바로 킥고잉 탈퇴했다 ㅎ

#킥고잉 #벌칙금 #바로탈퇴 #도로한복판에서 #벌칙금2만원 #눈물이난다눈물이나 #역시따릉이가진리",https://scontent-icn1-1.cdninstagram.com/vp/18a5a201ba4e4018e732e3d9d139a168/5DE1FAB2/t51.2885-15/e35/65949937_117481479544624_2679307172572558491_n.jpg?_nc_ht=scontent-icn1-1.cdninstagram.com&_nc_cat=104,,,,,,,,,
https://www.instagram.com/p/B0Ip01OASKG/,2019-07-20T10:28:08.000Z,https://scontent-icn1-1.cdninstagram.com/vp/6654e9d08ed69580eda5657c3c32890d/5DB57C66/t51.2885-15/e35/s1080x1080/67378182_1198308340340261_1083642344829803093_n.jpg?_nc_ht=scontent-icn1-1.cdninstagram.com&_nc_cat=105,"#킥고잉 🛴
버스 잘못 내려서 목적지까지 걸으면 20분이길래 전동킥보드 탓다 💕 재밌엇음!",,,,,,,,,,
https://www.instagram.com/p/B0Io2eTHDYD/,2019-07-20T10:19:38.000Z,https://scontent-icn1-1.cdninstagram.com/vp/d8b5e862e84fd154e62b9a6aa901b5a8/5DE722A0/t51.2885-15/e35/p1080x1080/66289768_177521043276585_5132764549362093643_n.jpg?_nc_ht=scontent-icn1-1.cdninstagram.com&_nc_cat=109,"-
#킥고잉
남편이 친구초대해줘서 생긴 #쿠폰
롯데몰로 영화보러 킥킥킼고잉
씬남.
-
#태풍전 #하늘색 #킥고잉 #이걸이제타다니 #달려 #씐난다 #베스트드라이버 #그남자 #라이온킹 #꿀잼",https://scontent-icn1-1.cdninstagram.com/vp/578d26373f51f6cc039c6b207cc96bdf/5DED167E/t51.2885-15/e35/p1080x1080/62435858_2037911112976741_3652237760333840091_n.jpg?_nc_ht=scontent-icn1-1.cdninstagram.com&_nc_cat=101,https://scontent-icn1-1.cdninstagram.com/vp/c5ae3000d7eae572e2434d86a50be27f/5DD04892/t51.2885-15/e35/p1080x1080/66258594_148943659625459_370349705172389624_n.jpg?_nc_ht=scontent-icn1-1.cdninstagram.com&_nc_cat=111,,,,,,,,
https://www.instagram.com/p/B0IiRvmJOn2/,2019-07-20T09:22:11.000Z,https://scontent-icn1-1.cdninstagram.com/vp/27772095e52f2bac96b617af5010f9ff/5DB132F6/t51.2885-15/e35/65963806_2134550620187785_5663730707576207479_n.jpg?_nc_ht=scontent-icn1-1.cdninstagram.com&_nc_cat=101,"20분 타는 데도 탐난다. 날씨 탓이냐 몸 탓이냐

#킥고잉 #상암동",,,,,,,,,,
https://www.instagram.com/p/B0IiMidnfoI/,2019-07-20T09:21:28.000Z,https://scontent-icn1-1.cdninstagram.com/vp/2722095ddd0d15b66f189023eb077524/5DE5B893/t51.2885-15/e35/s1080x1080/67177420_1120258754835206_5282730710929896457_n.jpg?_nc_ht=scontent-icn1-1.cdninstagram.com&_nc_cat=102,"#킥고잉#봉은사역#역삼역#첫경험#넘어지다#상처만남다#바퀴가헛돈다#비오는날은타지말자

비가 한방울만 오길래 타봤는데 꿀잼이었다가..
길이 젖어서 그런가..
바퀴가 헛돌더니 무섭기 시작
비오는 날, 도로가 젖은 날은 타지 말아야지
또 넘어졌다 ㅠㅠ",https://scontent-icn1-1.cdninstagram.com/vp/bbb0c951f0c3230bd920d3c291a34882/5DE54994/t51.2885-15/e35/s1080x1080/66781091_101137214520503_5679923493163399410_n.jpg?_nc_ht=scontent-icn1-1.cdninstagram.com&_nc_cat=111,,,,,,,,,
https://www.instagram.com/p/B0H5vMbnnpF/,2019-07-20T03:27:56.000Z,https://scontent-icn1-1.cdninstagram.com/vp/1aa0819db2d93f143ef786426442178a/5DEBC55C/t51.2885-15/e35/s1080x1080/66427668_1472915219518371_234698962519368257_n.jpg?_nc_ht=scontent-icn1-1.cdninstagram.com&_nc_cat=103,"어니언, 모멘토, 블루보틀, 대림창고, 성수연방, 할머니의레시피, 쏘마이피자, 자그마치, 신촌살롱 앞에 있을 킥고잉.
.
이제 퇴근하고 성수동 드라이브도 가능하겠다. 가로수길 약속이 조금 더 빨라지겠어요! @differentangles__ @sendoff_j
.
언젠가는 킥세권으로 약속 시간을 계산하는 날이 올지도.
.
#킥고잉 #성수 #뚝섬 #건대 #잠실 #강남 #가로수길 #신사 #압구정 #영토확장 #킥세권",,,,,,,,,,
https://www.instagram.com/p/B0H5sYll6-8/,2019-07-20T03:27:33.000Z,https://scontent-icn1-1.cdninstagram.com/vp/deedd3a6765bc636144862e1d9c0746d/5DCD0820/t51.2885-15/e35/s1080x1080/67196022_185688392431836_8968888444401567327_n.jpg?_nc_ht=scontent-icn1-1.cdninstagram.com&_nc_cat=100,"오 주말에 나와보니 #킥고잉 #성수동 곳곳에
#킥세권 🛴

#kickgoing #전동퀵보드",,,,,,,,,,
https://www.instagram.com/p/B0Htu6vlsg1/,2019-07-20T01:43:03.000Z,https://scontent-icn1-1.cdninstagram.com/vp/21519d069598fd019ae0702b756b9e68/5DCD724B/t51.2885-15/e35/s1080x1080/67245341_630719840752300_4337644057665254400_n.jpg?_nc_ht=scontent-icn1-1.cdninstagram.com&_nc_cat=104,"*
전동 #공유킥보드 #킥고잉 #kickgoing 발견! 🛴
QA 코드 감지 잘됨. 비옴 안고잉 조만간 사용해볼게!^^*.
.
#전동킥보드 #공유킥보드 #킥고잉 #가성비전동킥보드
#나인봇 #나인봇es2 #퍼스널모빌리티 #식스몰",https://scontent-icn1-1.cdninstagram.com/vp/44c88572a4e8cf6374ce3e49cbd92ae9/5DCA696A/t51.2885-15/e35/66297529_2447300775503137_8571174676431945371_n.jpg?_nc_ht=scontent-icn1-1.cdninstagram.com&_nc_cat=101,,https://scontent-icn1-1.cdninstagram.com/vp/d3c03ea0483169ee636e27dbe203526c/5DCBA57F/t51.2885-15/e35/67675108_388683065112201_5190699737943160392_n.jpg?_nc_ht=scontent-icn1-1.cdninstagram.com&_nc_cat=109,https://scontent-icn1-1.cdninstagram.com/vp/50238011fc70d0b05a6df6d52b52d9e3/5DD2E28E/t51.2885-15/e35/s1080x1080/67220610_2039882766115635_8848493395734200840_n.jpg?_nc_ht=scontent-icn1-1.cdninstagram.com&_nc_cat=103,https://scontent-icn1-1.cdninstagram.com/vp/cfb5272386c053e637d411f6c8923c45/5DD31AD0/t51.2885-15/e35/s1080x1080/66783892_1289404151219368_8632016180568469025_n.jpg?_nc_ht=scontent-icn1-1.cdninstagram.com&_nc_cat=104,,,,,
https://www.instagram.com/p/B0Hr28yHX7r/,2019-07-20T01:26:40.000Z,https://scontent-icn1-1.cdninstagram.com/vp/15509a4215801d013cb14b18e9b6373f/5D3BD7BD/t51.2885-15/e35/66444972_479815319461772_3741669649651089330_n.jpg?_nc_ht=scontent-icn1-1.cdninstagram.com&_nc_cat=108,"둘이서 킥보드타고 강남역 고고씽
#킥고잉 #꿀잼 @authentic_jae",https://scontent-icn1-1.cdninstagram.com/vp/0a8861b9cd194d52f237b42addb0bfb5/5DD0B1E8/t51.2885-15/e35/p1080x1080/66644583_2309554539109989_6118236128733200353_n.jpg?_nc_ht=scontent-icn1-1.cdninstagram.com&_nc_cat=109,https://scontent-icn1-1.cdninstagram.com/vp/fde60ff2720d05ac5aeede415aed062a/5DE55534/t51.2885-15/e35/p1080x1080/67244350_1283855345121902_2884367425879101730_n.jpg?_nc_ht=scontent-icn1-1.cdninstagram.com&_nc_cat=102,,,,,,,,
https://www.instagram.com/p/B0GhunuAZhK/,2019-07-19T14:38:54.000Z,https://scontent-icn1-1.cdninstagram.com/vp/77a1c5c7b469a6fb7d793a0415acc934/5DC98533/t51.2885-15/e35/66678013_200767014243127_1835530962998249803_n.jpg?_nc_ht=scontent-icn1-1.cdninstagram.com&_nc_cat=107,"불태웠다 오늘도🔥
.
.
#금요일밤#씽씽이타기#킥고잉#마이크로킥보드#슈프림#킥스쿠터#iamother#kickscooter#microkickboard#supreme#fridaynights#tgif",,,,,,,,,,
https://www.instagram.com/p/B0GOYBRF0fX/,2019-07-19T11:49:48.000Z,https://scontent-icn1-1.cdninstagram.com/vp/402bd78b6dc19d667701235c29d94efc/5DD2FAAA/t51.2885-15/e35/65645433_179362519746939_2636997915261042964_n.jpg?_nc_ht=scontent-icn1-1.cdninstagram.com&_nc_cat=103,"금요일 퇴근길 교통체증은 전동킥보드로 해결합니다
#킥고잉 #킥보드 #퇴근 #씽씽 #집간다
#몸이커서킥보드가안보인다나와",,,,,,,,,,
https://www.instagram.com/p/B0GGaqmJo0R/,2019-07-19T10:40:15.000Z,https://scontent-icn1-1.cdninstagram.com/vp/2131ec5928e117dfa2314b586bbe271a/5DD4E607/t51.2885-15/e35/p1080x1080/66785512_386606098662258_3462809871340321753_n.jpg?_nc_ht=scontent-icn1-1.cdninstagram.com&_nc_cat=106,첨 타본 킥고잉 john나 무섭다 결제 100원 나이스 #킥고잉 #john나 #kickgoing #담부터는 마을버스 탈래,https://scontent-icn1-1.cdninstagram.com/vp/217071e37f632e46e1b404dc23552d12/5DCBEBCA/t51.2885-15/e35/p1080x1080/66033935_504251116984047_6106599470400513982_n.jpg?_nc_ht=scontent-icn1-1.cdninstagram.com&_nc_cat=103,https://scontent-icn1-1.cdninstagram.com/vp/f5f4148732ac4c9d92f0fe1a0790f961/5DCDB5C6/t51.2885-15/e35/p1080x1080/67121640_146614263071698_5381502798406520370_n.jpg?_nc_ht=scontent-icn1-1.cdninstagram.com&_nc_cat=110,,,,,,,,
https://www.instagram.com/p/B0GGTGyA8CV/,2019-07-19T10:39:13.000Z,https://scontent-icn1-1.cdninstagram.com/vp/1cd8db8073bd6461143c33d1bfe1ea5f/5DB6200B/t51.2885-15/e35/s1080x1080/66099998_471305020098579_884362332807284563_n.jpg?_nc_ht=scontent-icn1-1.cdninstagram.com&_nc_cat=103,"면허따면 하고싶던 것ㅋㅋㅋㅋ
#킥고잉 #전동킥보드 타고 약속장소가기✌🏻",,,,,,,,,,
https://www.instagram.com/p/B0GDhmiHzao/,2019-07-19T10:16:41.000Z,https://scontent-icn1-1.cdninstagram.com/vp/4c6b1ac2927ef5e3cb4cf472cc39af96/5D3BC90E/t51.2885-15/e35/66352593_664864847320353_3557678104115779523_n.jpg?_nc_ht=scontent-icn1-1.cdninstagram.com&_nc_cat=109,"평지에서만 잠깐, 슝- 🛴
씽씽이를 타면 더운 날에도 바람이 불고🌬웃음이 나요🙂 #킥고잉",,,,,,,,,,
https://www.instagram.com/p/B0F_9z0FZhH/,2019-07-19T09:43:53.000Z,https://scontent-icn1-1.cdninstagram.com/vp/79a06278aa32a855b3d60592af59c47c/5DE81AF1/t51.2885-15/e35/p1080x1080/66408857_2267844483310679_5520159422861969916_n.jpg?_nc_ht=scontent-icn1-1.cdninstagram.com&_nc_cat=111,"태풍전야 서울리즘
가을이와 건전한 데이트
#서울리즘 에서 코히한잔하고 옆집에서 타코 한사바리하고😊❤️
난생 첫 #킥고잉 경험이었눙데 심지어
#커플킥고잉 이여따🤭ㅎㅎ
야무지게 잘놀고 공부도 하고
#태풍 🌪피해서 얼른 집가기
잘놀아씁니당🌹 담에또바유🌹",https://scontent-icn1-1.cdninstagram.com/vp/456ef47361b80b92c578142c649ed32e/5DC912D5/t51.2885-15/e35/p1080x1080/65746622_662918120848852_420313902068968956_n.jpg?_nc_ht=scontent-icn1-1.cdninstagram.com&_nc_cat=104,,,,,,,,,
https://www.instagram.com/p/B0FtmEeg8gg/,2019-07-19T07:03:21.000Z,https://scontent-icn1-1.cdninstagram.com/vp/21a0f26386838841372f9046adc002b3/5DD11135/t51.2885-15/e35/s1080x1080/66118980_453816508787370_8316992231298902295_n.jpg?_nc_ht=scontent-icn1-1.cdninstagram.com&_nc_cat=106,".
플레이뮤지엄에 볼 일이 있어서
나갔는데 날씨는 너무 덥고
걸어서 10분 거리 차 타고 가는건
스스로 너무 게으른 것 같고
눈 앞에 나타난 #킥고잉 #전동킥보드
바로 설치해서 사용해봤는데
무료 10분 #개이득 ㅋㅋㅋㅋㅋ
판교에 많이 보이던데 너무 유용함👍
모두 안전에만 주의해서 타면 좋을듯
.
#생각보다높고빠르고무서워ㅋㅋ
#쫄보는속도를내지못했다고한다🙈
.
#30대 #직장인 #일상
#캠핑하는광고쟁이",https://scontent-icn1-1.cdninstagram.com/vp/8de3c8ba506fe356da1ed79ce49479e9/5DB29FEB/t51.2885-15/e35/s1080x1080/66305254_148861199509815_9081877140744089791_n.jpg?_nc_ht=scontent-icn1-1.cdninstagram.com&_nc_cat=103,https://scontent-icn1-1.cdninstagram.com/vp/4abaa7f7ab86bd5035a4e862f59c2030/5DB14219/t51.2885-15/e35/s1080x1080/66452887_218031302514689_4458404549308270451_n.jpg?_nc_ht=scontent-icn1-1.cdninstagram.com&_nc_cat=105,https://scontent-icn1-1.cdninstagram.com/vp/0742cd90cd1b850a50db092e95a376a1/5DEA85C3/t51.2885-15/e35/s1080x1080/66504974_145797126526065_3595796293474476420_n.jpg?_nc_ht=scontent-icn1-1.cdninstagram.com&_nc_cat=109,,,,,,,
https://www.instagram.com/p/B0FsCq7DGs3/,2019-07-19T06:49:47.000Z,https://scontent-icn1-1.cdninstagram.com/vp/4d9f4d3a34cfee4ff2a8be0496604702/5DED507E/t51.2885-15/e35/s1080x1080/64383056_178654179813434_5906415046238431836_n.jpg?_nc_ht=scontent-icn1-1.cdninstagram.com&_nc_cat=102,"<킥고잉 강남, 성수 개통!!👏👏>
.
우리 라이더님들이 기다리고 기다리신 성수 지역 개통이!!! 드디어!!! 내일부터 시작됩니다!!!🤩
⠀
양파 카페, 파란병 카페까지 걸어가면서 많이 더우셨죠??이제 강남은 물론 잠실에서도 성수를 갈 수 있답니다!!! 소리질뤄~~!!🥳🥳🥳🥳
⠀
화장도 녹고!! 옷은 등에 붙고!! 회색 옷은 더더욱 못입는 요즘 같은 날씨!! 킥세권에서 즐기는 라이딩으로 스트레스 날려버리세욧!!❤️❤️
⠀
앞으로도 더욱 사랑받는 킥고잉이 되도록 노력하겠습니다!
⠀
이동에 즐거움을 더하다, 킥고잉🛴
#21세기축지법 #킥고잉 #킥세권
#이동에즐거움을더하다 #KICKGOING
#공유서비스 #공유경제
#전동킥보드 #킥보드 #공유킥보드 #서울 #교대 #강남 #역삼 #선릉 #삼성 #종합운동장 #잠실 #신천 #몽촌토성 #성수 #뚝섬 #서울숲 #건대 #건대입구",,,,,,,,,,
https://www.instagram.com/p/B0FfFdIHZrU/,2019-07-19T04:56:34.000Z,https://scontent-icn1-1.cdninstagram.com/vp/59aa69988a8e7c595f0f07862ea4abc3/5DCA82B7/t51.2885-15/e35/s1080x1080/65672164_2525908954106714_3530125477124810672_n.jpg?_nc_ht=scontent-icn1-1.cdninstagram.com&_nc_cat=102,"#190705
❤️_❤️",,,,,,,,,,
https://www.instagram.com/p/B0Faj2ZliIU/,2019-07-19T04:17:02.000Z,https://scontent-icn1-1.cdninstagram.com/vp/32fd5c452e50f71c29109cd8fe13e189/5DE1D993/t51.2885-15/e35/66668159_428656327731232_8530530727495618933_n.jpg?_nc_ht=scontent-icn1-1.cdninstagram.com&_nc_cat=104,".
요즘 젊은애들이 타는 킥고잉 타봤어요
쉬워 보였는데
왜케 무서워요😭
#덜덜덜
#킥고잉
#에고 #이젠어린애들흉내도못내요😰",,,,,,,,,,
https://www.instagram.com/p/B0FT-g8ppka/,2019-07-19T03:19:30.000Z,https://scontent-icn1-1.cdninstagram.com/vp/ce85b58aa15d93ef03a263b2e6c8608e/5DD5C612/t51.2885-15/e35/p1080x1080/67357773_148184136292145_677553251201620330_n.jpg?_nc_ht=scontent-icn1-1.cdninstagram.com&_nc_cat=105,"'s experience
.
앱스토어에서 검색하면 나오는 공유스쿠터 브랜드가 총 13개.
이중 이용해본 브랜드가 5개.
다 경험해보고 싶드아~~
.
#공유스쿠터 #킥고잉 #고고씽 #씽씽이 #디어 #wind #beam #dart #플라워로드 #무빗 #ryde #스윙 #알파카 #키키",https://scontent-icn1-1.cdninstagram.com/vp/8851cab4057460e1b2cf5f2d3646f42e/5DCCFD34/t51.2885-15/e35/p1080x1080/66674481_172347840462486_3301545386944886133_n.jpg?_nc_ht=scontent-icn1-1.cdninstagram.com&_nc_cat=106,,,,,,,,,
https://www.instagram.com/p/B0FL87dHzzv/,2019-07-19T02:09:23.000Z,https://scontent-icn1-1.cdninstagram.com/vp/9c09dc701c7fb88a8cc6893b11a79013/5DCC7E26/t51.2885-15/e35/s1080x1080/67508253_1147449912094041_5212817132670772488_n.jpg?_nc_ht=scontent-icn1-1.cdninstagram.com&_nc_cat=109,#근무시간 #물건찾아삼만리 #킥고잉 #좋아요,,,,,,,,,,
https://www.instagram.com/p/B0FBX5npyEq/,2019-07-19T00:36:57.000Z,https://scontent-icn1-1.cdninstagram.com/vp/4b34b363099e92b870fa1c2729b2e05a/5DD23669/t51.2885-15/e35/67323489_117264126227190_4843853963273695917_n.jpg?_nc_ht=scontent-icn1-1.cdninstagram.com&_nc_cat=106,"지금 강남구 쪽으로 전동킥보드가 운영되고있는데
프랑스에는 이미 상용화가 완료되어 있음

수많은 사람들이 타고다니는데 무법지대임
왜 유럽의 중국이라하는지 알겠더라

장점-편함, 돼지도 빠른 이동 가능
단점-비쌈, 교통사고 사망확률 높음

#lime #킥고잉 #고고씽 #전동킥보드 #킥보드 #출퇴근",https://scontent-icn1-1.cdninstagram.com/vp/4e572316186a50d81005e717b124aabc/5DCA2326/t51.2885-15/e35/65919411_123920768867815_3943290489139893781_n.jpg?_nc_ht=scontent-icn1-1.cdninstagram.com&_nc_cat=107,,,,,,,,,
https://www.instagram.com/p/B0D7KlPJBDA/,2019-07-18T14:23:27.000Z,https://scontent-icn1-1.cdninstagram.com/vp/ea99864dbdf6f5bc66636bd4aea556d0/5DD61F50/t51.2885-15/e35/64988398_328804717998536_3828607376187838711_n.jpg?_nc_ht=scontent-icn1-1.cdninstagram.com&_nc_cat=108,".
같은 회사에서 인턴으로 근무했던 @taganism_lovebrand 태건이가 @wework 선릉 3호점에 미팅을 왔다. 멋진 브랜드로 성장해나가는 킥고잉 @kickgoing_official 그리고 타간 화이팅 🛴
📸 @hoongheeng",,,,,,,,,,
https://www.instagram.com/p/B0D5YffFDom/,2019-07-18T14:13:18.000Z,https://scontent-icn1-1.cdninstagram.com/vp/7e3e9c4ed5865fb9df681b28a7c3c17c/5D3C4BED/t51.2885-15/e35/67128185_126978458553431_8207597808829888214_n.jpg?_nc_ht=scontent-icn1-1.cdninstagram.com&_nc_cat=111,"#킥고잉 너무너무 재밌잖아 ㅋㅋ
주차장 아저씨가
나의 괴성에 ㅋㅋㅋ놀라서 나오셨지만
나라고 생각 못하셨지 😎

신세계 킥고잉!
달인이 되고싶어요🤗

#전동킥보드
#돌고래소리주의",,,,,,,,,,
https://www.instagram.com/p/B0Dzu2iDYIV/,2019-07-18T13:18:30.000Z,https://scontent-icn1-1.cdninstagram.com/vp/566995b57efe4e2c0d346370537dac0f/5DB2A491/t51.2885-15/e35/s1080x1080/66433877_334151510809915_4440118006848512772_n.jpg?_nc_ht=scontent-icn1-1.cdninstagram.com&_nc_cat=107,"2019.07.18 송리단길
맛있는 저녁(사케동) & 신나는 라이딩🛹
너무 덥고 습하지만.... 킥고잉을 탈 때는 좀 덜 하다.... 그리고 찾았다 우리집까지 서비스해주는 새로운 교통수단...👍🏻#Beam (잠실 일대~올림픽공원 장미광장 입구 쪽까지 서비스지역이구 이용요금은 첫 시동 ₩600 / 이후 1분에 ₩180 이니까 사용하실 분들은 참고하세요🙌)
#송리단길 #사케동 #빵집 #킥고잉 #Beam",https://scontent-icn1-1.cdninstagram.com/vp/6a8aa7f5bd4abe9ac762a51aa612e630/5DD6270C/t51.2885-15/e35/s1080x1080/64247456_2299580933462752_4892660416249289104_n.jpg?_nc_ht=scontent-icn1-1.cdninstagram.com&_nc_cat=104,,https://scontent-icn1-1.cdninstagram.com/vp/bd786eab3f17e81b0ae7a6dfd047b5e1/5DD4C774/t51.2885-15/e35/s1080x1080/67141424_129071938333491_3072091415345982412_n.jpg?_nc_ht=scontent-icn1-1.cdninstagram.com&_nc_cat=103,https://scontent-icn1-1.cdninstagram.com/vp/5762f407bce50455739d59a3e3095535/5DD3E94B/t51.2885-15/e35/s1080x1080/65645701_449982878890841_5563484502924939536_n.jpg?_nc_ht=scontent-icn1-1.cdninstagram.com&_nc_cat=105,https://scontent-icn1-1.cdninstagram.com/vp/83840bd9bef95e5c19ba39b1cea24736/5DB3DDD4/t51.2885-15/e35/s1080x1080/67146088_625654807927974_1492823978254960376_n.jpg?_nc_ht=scontent-icn1-1.cdninstagram.com&_nc_cat=106,,,,,
https://www.instagram.com/p/B0DyAzfA9VP/,2019-07-18T13:03:29.000Z,https://scontent-icn1-1.cdninstagram.com/vp/6e2c3de24573e5beef62918466050f4f/5D3BCB11/t51.2885-15/e35/66022772_2415853608636640_2537911742515217295_n.jpg?_nc_ht=scontent-icn1-1.cdninstagram.com&_nc_cat=104,"퇴근하고 킥고잉 타고 동기들이랑 신동궁 뼈 숯불구이 먹으러가기🤗
다음번엔 더 빨리 타자 님들아,,😱
⠀⠀⠀⠀ ⠀⠀⠀⠀
#강남역 #강남맛집 #신동궁감자탕 #킥고잉 #먹스타그램",https://scontent-icn1-1.cdninstagram.com/vp/b1f037c0ad5c53cb62f144434d9f70ea/5DC97C39/t51.2885-15/e35/s1080x1080/67383463_146817316501329_5845753459672147665_n.jpg?_nc_ht=scontent-icn1-1.cdninstagram.com&_nc_cat=109,,,,,,,,,
https://www.instagram.com/p/B0Dw_mcn4Uw/,2019-07-18T12:54:35.000Z,https://scontent-icn1-1.cdninstagram.com/vp/04599e932b60709f6b9a39a9540b13c7/5DD79055/t51.2885-15/e35/65890984_478499802709313_8341417857712432958_n.jpg?_nc_ht=scontent-icn1-1.cdninstagram.com&_nc_cat=105,"만날때 확실히 먹는 타입

#낙원타코 #새우핫도그🦐 #술스타그램🍺
#먹스타그램 #나베 #킥고잉 #장미술상🌹 #여자친구 #데이트 #강남 #논현",https://scontent-icn1-1.cdninstagram.com/vp/dd413625f2f541e64c51f2a4c508ef9d/5DEA0792/t51.2885-15/e35/66713636_657062488143177_9091842152492946137_n.jpg?_nc_ht=scontent-icn1-1.cdninstagram.com&_nc_cat=109,https://scontent-icn1-1.cdninstagram.com/vp/5d3b47d29d9d951363db29a34effbf34/5DDFB459/t51.2885-15/e35/66407965_534280147108038_6866903511714566460_n.jpg?_nc_ht=scontent-icn1-1.cdninstagram.com&_nc_cat=106,https://scontent-icn1-1.cdninstagram.com/vp/d168a5ab98a5cc040a4d156126289e88/5DDF5823/t51.2885-15/e35/66499962_384022072472267_6954490209818322217_n.jpg?_nc_ht=scontent-icn1-1.cdninstagram.com&_nc_cat=111,https://scontent-icn1-1.cdninstagram.com/vp/a441770125de52e2dc77c3341a95c1f4/5DD27AB4/t51.2885-15/e35/66436051_447968719154639_3206340017399540215_n.jpg?_nc_ht=scontent-icn1-1.cdninstagram.com&_nc_cat=111,https://scontent-icn1-1.cdninstagram.com/vp/51f2506c9fda3cf9545a46e629589ca2/5DD5BF48/t51.2885-15/e35/65829025_788562901538880_8938013756699713151_n.jpg?_nc_ht=scontent-icn1-1.cdninstagram.com&_nc_cat=100,https://scontent-icn1-1.cdninstagram.com/vp/47fd1538bd3177d684cc98f4194ed37f/5DE5FB8F/t51.2885-15/e35/62538160_472100136899315_3665876507161686930_n.jpg?_nc_ht=scontent-icn1-1.cdninstagram.com&_nc_cat=111,https://scontent-icn1-1.cdninstagram.com/vp/1d7e5b1af1a6b6ba1c91a2f17fa2c37d/5DEBA71D/t51.2885-15/e35/66436051_488196955288098_3044784842045826793_n.jpg?_nc_ht=scontent-icn1-1.cdninstagram.com&_nc_cat=106,,,
https://www.instagram.com/p/B0DpdoWHeb-/,2019-07-18T11:48:46.000Z,https://scontent-icn1-1.cdninstagram.com/vp/199c288e2e7d1d9b85493f0b7452b60c/5DCC36EF/t51.2885-15/e35/66436434_147509186434744_2623097544449858824_n.jpg?_nc_ht=scontent-icn1-1.cdninstagram.com&_nc_cat=104,"출퇴근 신박아이템!!
재미져재미져!!
#킥고잉#고고씽",,,,,,,,,,
https://www.instagram.com/p/B0DlzzaFN0X/,2019-07-18T11:16:51.000Z,https://scontent-icn1-1.cdninstagram.com/vp/c758d036fbbb9b5132652bacf0c8f223/5DE1FB1C/t51.2885-15/e35/p1080x1080/67145682_2407841076160312_7553085212877124889_n.jpg?_nc_ht=scontent-icn1-1.cdninstagram.com&_nc_cat=104,"🌿
.
#소고기가지밥
간장양념장 올리고
#얼갈이된장국
#킥고잉 타고 #🏃‍♂️🏃‍♂️
5시40분에 집에 오는 아빠
무섭😏
.

#저녁메뉴 #저녁메뉴추천
#건강밥상#목요일#우리가족
#세자매맘#일상기록#일상그램
#여름방학맞이#냉장고채우기#🥤
#옥주부돈까스#언제오나요#기다림
#위례맘#요리스타그램🍳 #요리그램",,,,,,,,,,
https://www.instagram.com/p/B0DeZNlA4KX/,2019-07-18T10:13:06.000Z,https://scontent-icn1-1.cdninstagram.com/vp/255f845359c26c5b60a9b2752b05de49/5D3BF105/t51.2885-15/e35/65636942_628959930925753_663677532229467126_n.jpg?_nc_ht=scontent-icn1-1.cdninstagram.com&_nc_cat=101,"재밌는 #킥고잉#kickgoing#킥보드
ㅋㅋㅋㅋㅋㅋ은정쓰 웃음소리ㅋㅋㅋㅋㅋㅋㅋㅋㅋㅋㅋㅋㅋㅋㅋㅋㅋㅋㅋㅋㅋㅋ졸귀탱🥰🥰 저기요 지나가는 행인님 막상 있어도 자주 탈꺼같은데오 ㅋㅋㅋㅋㅋㅋㅋㅋㅋㅋㅋㅋㅋ
#volumeup",,,,,,,,,,
https://www.instagram.com/p/B0DZbn0JVE5/,2019-07-18T09:28:41.000Z,https://scontent-icn1-1.cdninstagram.com/vp/65495e8cd61872b8ac1563c23b5368a1/5DCDA97E/t51.2885-15/e35/p1080x1080/67381424_2558306517553818_2361702710033249889_n.jpg?_nc_ht=scontent-icn1-1.cdninstagram.com&_nc_cat=106,"#강남#라인볼링장
#킥고잉#신문물체험",https://scontent-icn1-1.cdninstagram.com/vp/ea9871da3c1517d5ef3901f93e382893/5DC9B8BA/t51.2885-15/e35/p1080x1080/66319022_2283438438412387_5459464855978049378_n.jpg?_nc_ht=scontent-icn1-1.cdninstagram.com&_nc_cat=107,,,,,,,,,
https://www.instagram.com/p/B0DY0xUgzzX/,2019-07-18T09:23:23.000Z,https://scontent-icn1-1.cdninstagram.com/vp/c35e7e5c6bfa38b9fec6db61869c040d/5DD0A872/t51.2885-15/e35/66669715_3150491471629390_4846496273287859947_n.jpg?_nc_ht=scontent-icn1-1.cdninstagram.com&_nc_cat=110,".
어제 점심시간에 이렇게 신나게 타고
오늘도 신나게 탔는데 신나게 자빠졌다😓

#무릎팍깨짐 #킥고잉 #점심시간알차게보내기",,https://scontent-icn1-1.cdninstagram.com/vp/5ff9419222d24901b9377b3e012b2788/5D3C3EBA/t51.2885-15/e35/66467616_3504994626193095_1394247390801895733_n.jpg?_nc_ht=scontent-icn1-1.cdninstagram.com&_nc_cat=103,,,,,,,,
https://www.instagram.com/p/B0DSq7BHgIi/,2019-07-18T08:29:36.000Z,https://scontent-icn1-1.cdninstagram.com/vp/0a87858aca3d4a6a238dbcf5db7dcd83/5DCEF891/t51.2885-15/e35/s1080x1080/64869927_210144959893901_6602572130913994021_n.jpg?_nc_ht=scontent-icn1-1.cdninstagram.com&_nc_cat=105,"킥보드 타구 🛴 펠트커피 -
근데 여기,,,, 왜 유명한거에요? 이유좀?ㅠㅠ #속시원하게ㅜ이유나듣자 #도산공원까페#공유킥보드#21세기축지법#킥고잉#seoul",https://scontent-icn1-1.cdninstagram.com/vp/266b14a541c8e86c7e746f3573785074/5DC7BD48/t51.2885-15/e35/s1080x1080/66634660_1097127683821838_7658947493720517512_n.jpg?_nc_ht=scontent-icn1-1.cdninstagram.com&_nc_cat=102,,,,,,,,,
https://www.instagram.com/p/B0DHRlqBz9n/,2019-07-18T06:50:02.000Z,https://scontent-icn1-1.cdninstagram.com/vp/9c0f958c806268769e1471cadb548f59/5DE0964D/t51.2885-15/e35/s1080x1080/66478190_156806012114686_3518411665930878094_n.jpg?_nc_ht=scontent-icn1-1.cdninstagram.com&_nc_cat=110,"#킥고잉 이보다해맑을수가없다
라고 와이프가 사진 찍어줌 ㅋㅋ
.
.
#삼성역 #현대백화점무역센터
#신난다바르다김원장",https://scontent-icn1-1.cdninstagram.com/vp/3ba116a9a0cd3a7ddee261e3b8686e08/5DB546B2/t51.2885-15/e35/s1080x1080/66619296_212208713092747_4468459530059765787_n.jpg?_nc_ht=scontent-icn1-1.cdninstagram.com&_nc_cat=107,https://scontent-icn1-1.cdninstagram.com/vp/1c932d04bb78be2b263721b663208966/5DE7F86A/t51.2885-15/e35/s1080x1080/66225016_2466621763567158_149341868522706084_n.jpg?_nc_ht=scontent-icn1-1.cdninstagram.com&_nc_cat=106,,,,,,,,
https://www.instagram.com/p/B0DAwaUJhK_/,2019-07-18T05:53:04.000Z,https://scontent-icn1-1.cdninstagram.com/vp/ac95bf93780fbd1483b7e7313c06567c/5DDE7B23/t51.2885-15/e35/s1080x1080/66935713_2932965706744746_6650443869199296116_n.jpg?_nc_ht=scontent-icn1-1.cdninstagram.com&_nc_cat=106,"'s wind
.
새로나온 공유스쿠터 브랜드 WIND
브랜드 컬러가 고고씽이랑 비슷해서 멀리서 봤을땐 고고씽인줄 알았음.
왼쪽에 있던 자전거브레이크(?)시스템이 아니라 버튼식 브레이크임(옆에있던 킥고잉도 같은 시스템으로 바뀐듯) 그래서 처음 제동할때 적응이 안돼서 깜놀! 맨날 고고씽만 타고 다녀서그랬는지 WIND는 얕은 오르막에서도 너무 힘이 없었음.
이런 공유스쿠터 또 나오겠지??
.
#공유스쿠터 #윈드 #wind #고고씽 #킥고잉 #씽씽이 #디어",https://scontent-icn1-1.cdninstagram.com/vp/e5c2f443e5210d77ec1f82234890a334/5DE6D1B0/t51.2885-15/e35/s1080x1080/66038194_907074162969569_2460226256320702306_n.jpg?_nc_ht=scontent-icn1-1.cdninstagram.com&_nc_cat=105,https://scontent-icn1-1.cdninstagram.com/vp/b276bd53f9ef00f34c11868b5dd2670b/5DD075FD/t51.2885-15/e35/s1080x1080/67523155_178292483171866_980593958017018063_n.jpg?_nc_ht=scontent-icn1-1.cdninstagram.com&_nc_cat=110,,,,,,,,
https://www.instagram.com/p/Bz8-Lb1hGG8/,2019-07-15T21:35:06.000Z,https://scontent-icn1-1.cdninstagram.com/vp/1798638d848443a3de1e3db40bc1e8b6/5DD4E117/t51.2885-15/e35/s1080x1080/64317355_327258134824298_2753876291924381582_n.jpg?_nc_ht=scontent-icn1-1.cdninstagram.com&_nc_cat=102,"#출근 #퇴근 은 #킥고잉 과 함께 #❤️
#thursdayparty #홍대",,,,,,,,,,
https://www.instagram.com/p/Bz4ODFyAByr/,2019-07-14T01:17:34.000Z,https://scontent-icn1-1.cdninstagram.com/vp/231d3418beb90bb58d00143c5c901238/5DCB051F/t51.2885-15/e35/p1080x1080/65531176_394347697871505_505365210945857409_n.jpg?_nc_ht=scontent-icn1-1.cdninstagram.com&_nc_cat=109,"#강아지가방 편한 아기곰 🧸💕
밤에도 빛나는✨착한 내사랑 비니💗
.
비니두 #킥고잉 타보고 싶어요🛴🧚🏻‍♀️
비니는 가방 가마 타고 다니자나ㅎㅎ💝
.
주말 잘 보내세요🎵",https://scontent-icn1-1.cdninstagram.com/vp/f495d15b102350e14facc80d125a881f/5DCE6944/t51.2885-15/e35/p1080x1080/61650375_413037725981964_8754591321695619735_n.jpg?_nc_ht=scontent-icn1-1.cdninstagram.com&_nc_cat=100,https://scontent-icn1-1.cdninstagram.com/vp/2016586a19a404908f120e966ea2e6b4/5DEE0BE0/t51.2885-15/e35/p1080x1080/66249061_1689540977856113_2964870303803593904_n.jpg?_nc_ht=scontent-icn1-1.cdninstagram.com&_nc_cat=105,https://scontent-icn1-1.cdninstagram.com/vp/97ca607d5fc60d78bf9cd55452d618e2/5DCB6F2E/t51.2885-15/e35/p1080x1080/62028604_2813613288655869_7605213533692352742_n.jpg?_nc_ht=scontent-icn1-1.cdninstagram.com&_nc_cat=109,https://scontent-icn1-1.cdninstagram.com/vp/4fd4cdadc2eed72457e4cc450a5f3354/5DE7779B/t51.2885-15/e35/p1080x1080/65885417_881989255487723_7983779398636021639_n.jpg?_nc_ht=scontent-icn1-1.cdninstagram.com&_nc_cat=111,https://scontent-icn1-1.cdninstagram.com/vp/7e7f1e03a54a4692b54ea1e72fcf0fea/5DB6066D/t51.2885-15/e35/p1080x1080/65965985_436609307190527_1355875541145482562_n.jpg?_nc_ht=scontent-icn1-1.cdninstagram.com&_nc_cat=111,https://scontent-icn1-1.cdninstagram.com/vp/3950bf17332a2ca6a6139ae1e3a36eab/5DCCA5B7/t51.2885-15/e35/p1080x1080/65462329_149163219475133_3056493479821892372_n.jpg?_nc_ht=scontent-icn1-1.cdninstagram.com&_nc_cat=105,https://scontent-icn1-1.cdninstagram.com/vp/a3444c6d8b4e8fdf027fa4c9e35faa28/5DECFD66/t51.2885-15/e35/p1080x1080/66277563_402785907006421_3520111852617953199_n.jpg?_nc_ht=scontent-icn1-1.cdninstagram.com&_nc_cat=101,,,
https://www.instagram.com/p/BzaDT-RHhrQ/,2019-07-02T08:06:32.000Z,https://scontent-icn1-1.cdninstagram.com/vp/794e016b2907c06a650d07a7c743b99a/5DD11698/t51.2885-15/e35/p1080x1080/65301893_1022987654569473_1061623845831889422_n.jpg?_nc_ht=scontent-icn1-1.cdninstagram.com&_nc_cat=109,"음청 빠르네요 이거😦 헬멧써야겠는걸👨🏻‍🏭
-
Top : Summer Linen Shirts",,,,,,,,,,
https://www.instagram.com/p/BysVTZbA5bh/,2019-06-14T13:58:41.000Z,https://scontent-icn1-1.cdninstagram.com/vp/e046b96053f8f7ba51d0fa49a1582c82/5DCC9CC2/t51.2885-15/e35/s1080x1080/61491667_372374236963683_4488425614825916428_n.jpg?_nc_ht=scontent-icn1-1.cdninstagram.com&_nc_cat=103,,,,,,,,,,,
https://www.instagram.com/p/BxzvWOOHpkS/,2019-05-23T14:29:33.000Z,https://scontent-icn1-1.cdninstagram.com/vp/7640cc3ce61acfe0ccfc3678131c0e28/5DE7F363/t51.2885-15/e35/p1080x1080/59905543_3138689082815407_3065953209918976164_n.jpg?_nc_ht=scontent-icn1-1.cdninstagram.com&_nc_cat=107,"-
킥고잉타려고했는데
어째저째 못탐~
킥고잉은 8시가 넘어서 못타고 씽씽은 누가 대여중이라 못타고~
-
#정성본샤브샤브청담점 #킥고잉#퀵보드#씽씽이 #휴무#휴무는왤케시간이빨리가#미디움레이어드컷 #초커#아아#플랫화이트 #아이스아메리카노#거지존#c컬 #아우어베이커리 #아우어#고고씽#americano #flatwhite #滑板车#scooter#electricscooter #layeredhair#layeredcut",https://scontent-icn1-1.cdninstagram.com/vp/0527f55be043be191ad8370cbb90f1af/5DD54634/t51.2885-15/e35/p1080x1080/61338380_355749785294725_5300432552243157978_n.jpg?_nc_ht=scontent-icn1-1.cdninstagram.com&_nc_cat=101,https://scontent-icn1-1.cdninstagram.com/vp/1e541c64ed12cf43891d44283276d306/5DB679C9/t51.2885-15/e35/p1080x1080/61114060_601473140356023_3545075359931102486_n.jpg?_nc_ht=scontent-icn1-1.cdninstagram.com&_nc_cat=103,,,,,,,,
https://www.instagram.com/p/Bw4A5JElL4x/,2019-04-30T09:48:26.000Z,https://scontent-icn1-1.cdninstagram.com/vp/3932551fa277d357d7645c2a708b32f0/5DE273EF/t51.2885-15/e35/58409721_2158927101030096_9204097663244468992_n.jpg?_nc_ht=scontent-icn1-1.cdninstagram.com&_nc_cat=100,"퇴근이다!!!!
.
‘붕~붕~붕~🎵’
.
.
@kickgoing.io .

#cucaco #쿠카코 #일러스트 #kickgoing #선릉 #압구정 #sif #언주 #역삼 #포토 #dali #킥고잉 #music #illust #illustration #강남 #music #퇴근 #cafe #character #coffe #츨근 #art #킥보드 #좋아요반사 #좋아요",,,,,,,,,,
https://www.instagram.com/p/BwvhoGRl4a4/,2019-04-27T02:41:18.000Z,https://scontent-icn1-1.cdninstagram.com/vp/1b1546691bad945a6870d1ff3fe6db00/5DB129F5/t51.2885-15/e35/56470497_2351850328380424_9168474223816180427_n.jpg?_nc_ht=scontent-icn1-1.cdninstagram.com&_nc_cat=104,전동 킥보드 내꺼 #킥고잉 #poloralphlauren,,,,,,,,,,
https://www.instagram.com/p/BwqtF-NHIH7/,2019-04-25T05:45:18.000Z,https://scontent-icn1-1.cdninstagram.com/vp/a0a28d73596af1b56cfcdf2b757cd56e/5DB51F44/t51.2885-15/e35/57247139_378447066337135_1618433258702673282_n.jpg?_nc_ht=scontent-icn1-1.cdninstagram.com&_nc_cat=107,지각했을땐 #킥고잉.. 대지각🤯,,,,,,,,,,