key,datetime,img_urls/0,caption,img_urls/1,img_urls/2,img_urls/3,img_urls/4,img_urls/5,img_urls/6,img_urls/7,img_urls/8,img_urls/9
https://www.instagram.com/p/B0Q_pDlH7VT/,2019-07-23T16:12:42.000Z,https://scontent-icn1-1.cdninstagram.com/vp/d8b494729c76d2b3ee648043a6641659/5DEE7BD6/t51.2885-15/e35/66423526_1062206487322881_2572464236313363487_n.jpg?_nc_ht=scontent-icn1-1.cdninstagram.com,"헐 따릉이가 없다. 걸어가기 싫은데. 멀어멀어. 싫다.
#따릉이 #따릉이가없다.",,,,,,,,,
https://www.instagram.com/p/B0Q_IZDAYNL/,2019-07-23T16:08:14.000Z,https://scontent-icn1-1.cdninstagram.com/vp/3c900fd0c1a41e4d330fbc2d267a152d/5DE4195D/t51.2885-15/e35/s1080x1080/66606355_2372232099732741_6989277561707711417_n.jpg?_nc_ht=scontent-icn1-1.cdninstagram.com,"알찌의 술한쟌-🍷🌙
.
.
.
#아 #귀여워 #안주만든거보세요",https://scontent-icn1-1.cdninstagram.com/vp/6781a097e58d08ceea239a037b23e168/5DEB0621/t51.2885-15/e35/s1080x1080/67080299_134591971093387_4703720598751553660_n.jpg?_nc_ht=scontent-icn1-1.cdninstagram.com,,,,,,,,
https://www.instagram.com/p/B0Q9zozllyj/,2019-07-23T15:56:40.000Z,https://scontent-icn1-1.cdninstagram.com/vp/31d4a683762bd064ea7eca9a30648b6a/5DEC2F89/t51.2885-15/e35/s1080x1080/67082890_2460735237493529_4548870533877067813_n.jpg?_nc_ht=scontent-icn1-1.cdninstagram.com,"힐링링 🚴🏻‍♀️🚴🏻‍♂️🚲
.
#따르릉 #따릉이",https://scontent-icn1-1.cdninstagram.com/vp/393d1c33b410fa40637d010b4c93ef45/5DB32C4F/t51.2885-15/e35/s1080x1080/66648036_189742472018041_5503064569529118139_n.jpg?_nc_ht=scontent-icn1-1.cdninstagram.com,https://scontent-icn1-1.cdninstagram.com/vp/1f5c5aa56bf34b4403c9e350f454e568/5DB576CC/t51.2885-15/e35/s1080x1080/66461822_466902327206301_2483965948054510978_n.jpg?_nc_ht=scontent-icn1-1.cdninstagram.com,https://scontent-icn1-1.cdninstagram.com/vp/792f3cca7b055d392edb4fe3d4ea8cda/5DB0E698/t51.2885-15/e35/s1080x1080/66917325_421199288483977_6289807795441486470_n.jpg?_nc_ht=scontent-icn1-1.cdninstagram.com,,,,,,
https://www.instagram.com/p/B0Q8f5AnNlx/,2019-07-23T15:45:14.000Z,https://scontent-icn1-1.cdninstagram.com/vp/ec0126bd644145ad0764db6031925641/5DE872D0/t51.2885-15/e35/s1080x1080/66292879_2150892525209680_5774647377789385566_n.jpg?_nc_ht=scontent-icn1-1.cdninstagram.com,"운동 해야지 헛둘🥰
.
.
.
#따릉이 #자전거 #자전거라이딩
#우이천 #우이천산책 #운동 #운동스타그램
#다이어트 #다이어트진짜시작 #집와서밥두공기",https://scontent-icn1-1.cdninstagram.com/vp/3ab718928c45f6d5ea9581f049528717/5DC8CC1A/t51.2885-15/e35/s1080x1080/66446099_2286463854769575_8419162169203040331_n.jpg?_nc_ht=scontent-icn1-1.cdninstagram.com,,,,,,,,
https://www.instagram.com/p/B0Q8H6uFxTQ/,2019-07-23T15:43:00.000Z,https://scontent-icn1-1.cdninstagram.com/vp/ee129b06deecbfdc8517eb08a05b85f4/5D3A2357/t51.2885-15/e35/66452886_162060944959046_1132687167249862831_n.jpg?_nc_ht=scontent-icn1-1.cdninstagram.com,🤔,,,,,,,,,
https://www.instagram.com/p/B0Q6xGiDt81/,2019-07-23T15:30:06.000Z,https://scontent-icn1-1.cdninstagram.com/vp/d33b94810383205be04ef2755440319e/5DD36784/t51.2885-15/e35/s1080x1080/66047091_184072559276680_9111232005855260887_n.jpg?_nc_ht=scontent-icn1-1.cdninstagram.com,"중랑천짱이다👍🏻 진짜 이문러 된 기분❤️
.
.
#서울 #따릉이 #자전거 #오랜만이얌 #중랑천 #또갈래 #🚲 #꺄 #모기새끼",,,,,,,,,
https://www.instagram.com/p/B0Q6b7yD80N/,2019-07-23T15:27:13.000Z,https://scontent-icn1-1.cdninstagram.com/vp/933236a75035a19aa652e9dbce755db8/5DB0AF75/t51.2885-15/e35/s1080x1080/66490612_144920059935654_6097548422057450435_n.jpg?_nc_ht=scontent-icn1-1.cdninstagram.com,오 따릉이~,,,,,,,,,
https://www.instagram.com/p/B0Q6ao3AGu8/,2019-07-23T15:27:02.000Z,https://scontent-icn1-1.cdninstagram.com/vp/63303cdd9ddb867bb441cd860a6b206a/5DC82251/t51.2885-15/e35/64418911_600040280520228_3762764011211506718_n.jpg?_nc_ht=scontent-icn1-1.cdninstagram.com,"한강가는길~
.
.
.
.
.
.
.
#한강 #날파리 #파티 #따릉이 #운동",https://scontent-icn1-1.cdninstagram.com/vp/28c8e9a09a2c72d70cd8eeb400c43ef9/5DD367E1/t51.2885-15/e35/66769841_681841608965708_2273301203062760442_n.jpg?_nc_ht=scontent-icn1-1.cdninstagram.com,,,,,,,,
https://www.instagram.com/p/B0Q6AO6n-7n/,2019-07-23T15:23:26.000Z,https://scontent-icn1-1.cdninstagram.com/vp/dbd663921bfd7df33f5a5f1bf9554cfc/5DB3292C/t51.2885-15/e35/66392145_2661267343897253_3376134036576868067_n.jpg?_nc_ht=scontent-icn1-1.cdninstagram.com,"자전거 한시간 걷기 한시간에 지쳐버린 체력쓰레기는 멍때릴뿐..........🌟
#자전거 #따릉이 #걷기 #밤운동 #산책 #체력쓰레기",https://scontent-icn1-1.cdninstagram.com/vp/86b41ca46a2321ba0ad5da1b3f342e1b/5DB7892D/t51.2885-15/e35/66402326_362078637813598_7784746478147067331_n.jpg?_nc_ht=scontent-icn1-1.cdninstagram.com,,,,,,,,
https://www.instagram.com/p/B0Q510QAwVN/,2019-07-23T15:22:01.000Z,https://scontent-icn1-1.cdninstagram.com/vp/9c1644d0e86723b9daf4665bcd806bd1/5DEEA90C/t51.2885-15/e35/65806144_347453065923393_6850418759515392429_n.jpg?_nc_ht=scontent-icn1-1.cdninstagram.com,"오늘도 밤마실
진대감 차돌삼합
영자맛집은 언제고 기대를 져버리지 않는다.
시청앞 잔디를 밟으며
청계천도 지나고
교보들러 엄마 이행시와 함께
더위도 피해보고
광화문 앞길을 걸을때
나는 서울시민 이라고 느껴진다
골라먹는 재미도 느껴보고
귀가해 관절염치료기로 오늘하루도 마무리~~ #밤마실#진대감 #차돌삼합 #영자맛집 #북창동 #시청앞 #하이리빙본사 #교보문고
#따릉이 #광화문 #서울시민 #관절염치료기",https://scontent-icn1-1.cdninstagram.com/vp/e202f483c56cf32c2368a3681491bcf9/5DCD3370/t51.2885-15/e35/67380188_622227778282914_8401722404340002750_n.jpg?_nc_ht=scontent-icn1-1.cdninstagram.com,https://scontent-icn1-1.cdninstagram.com/vp/954f43ea805412bd49c11f5115e21bef/5DE331F2/t51.2885-15/e35/66450361_635277070299305_7036894278645508367_n.jpg?_nc_ht=scontent-icn1-1.cdninstagram.com,https://scontent-icn1-1.cdninstagram.com/vp/19d756dac40261c44ef42f86f43538a0/5DB1D6E8/t51.2885-15/e35/65812376_2394900204072220_1700512656550695864_n.jpg?_nc_ht=scontent-icn1-1.cdninstagram.com,https://scontent-icn1-1.cdninstagram.com/vp/35a8d6fa32a7e231f35d201fa5f8e789/5DB0B183/t51.2885-15/e35/66673890_329135971327579_3489386568088743813_n.jpg?_nc_ht=scontent-icn1-1.cdninstagram.com,https://scontent-icn1-1.cdninstagram.com/vp/fdbd1abc77f9939c85299c1dfb46fdb0/5DD06CB7/t51.2885-15/e35/66006094_929954700685242_999243450638832460_n.jpg?_nc_ht=scontent-icn1-1.cdninstagram.com,https://scontent-icn1-1.cdninstagram.com/vp/d5a1058acef5c1aaafb1e79c64145c23/5DCD54AA/t51.2885-15/e35/66290480_446541379519840_9012864023041186665_n.jpg?_nc_ht=scontent-icn1-1.cdninstagram.com,https://scontent-icn1-1.cdninstagram.com/vp/ffcdc3e854cecc74e8104f975a5a2cdf/5DECF18F/t51.2885-15/e35/64548305_144577263402079_6510997995639470924_n.jpg?_nc_ht=scontent-icn1-1.cdninstagram.com,https://scontent-icn1-1.cdninstagram.com/vp/e4b56a4bc9db67bea33c14225cde4962/5DAFF75F/t51.2885-15/e35/66624204_702952466834614_6864137507932142727_n.jpg?_nc_ht=scontent-icn1-1.cdninstagram.com,
https://www.instagram.com/p/B0Q5kbBgp3H/,2019-07-23T15:19:38.000Z,https://scontent-icn1-1.cdninstagram.com/vp/da2016f87cdff8b1b9745d50718b8386/5DCB3D9F/t51.2885-15/e35/s1080x1080/66509590_2354744574740563_2931981018841007820_n.jpg?_nc_ht=scontent-icn1-1.cdninstagram.com,"오늘 완전 즉흥데이 🌈‼️
.
.
.
#부평 #잠실 #한강 #합정 #따릉이 #휴식 #힐링 #탈색 #셀프탈색 #00 20",https://scontent-icn1-1.cdninstagram.com/vp/5bdc0d6e1de1f288bd2f05a4accbec6a/5DB775E8/t51.2885-15/e35/s1080x1080/66660086_143547096844799_7306594903542179253_n.jpg?_nc_ht=scontent-icn1-1.cdninstagram.com,https://scontent-icn1-1.cdninstagram.com/vp/3b6b1cd6ea053ca5f59261bdef9be9ed/5DB92531/t51.2885-15/e35/s1080x1080/66127882_356149025040895_589192923315518210_n.jpg?_nc_ht=scontent-icn1-1.cdninstagram.com,https://scontent-icn1-1.cdninstagram.com/vp/2ebbc16c8af30e3b6b8f922ddc9bb366/5DE3263F/t51.2885-15/e35/s1080x1080/66286512_123512548923333_4780516547824889012_n.jpg?_nc_ht=scontent-icn1-1.cdninstagram.com,,,,,,
https://www.instagram.com/p/B0Q5h1WJPe5/,2019-07-23T15:19:17.000Z,https://scontent-icn1-1.cdninstagram.com/vp/35bdef4604e28827202e7ca0aa2c4406/5DE4B01F/t51.2885-15/e35/66496057_449051469269300_9130256574702224714_n.jpg?_nc_ht=scontent-icn1-1.cdninstagram.com,"오늘 라이딩 즐거웠습니다👍
#2종소형
#바이크용산
#TEAM
#1000따릉rr
#먼저들가세요
#제껀좀느려요
#바이크프로필",https://scontent-icn1-1.cdninstagram.com/vp/46a3ab3c4ac62e71a3acb508a608d915/5DEBCBC8/t51.2885-15/e35/67486227_2181603872138736_2982742999736629269_n.jpg?_nc_ht=scontent-icn1-1.cdninstagram.com,https://scontent-icn1-1.cdninstagram.com/vp/42919031b88bd06f2690f6fcbc02bf7a/5DEBB31D/t51.2885-15/e35/66341693_1425184747639498_8458154825401136538_n.jpg?_nc_ht=scontent-icn1-1.cdninstagram.com,https://scontent-icn1-1.cdninstagram.com/vp/57cc3fa1223919ff259801953f5d6283/5DAEBC83/t51.2885-15/e35/65952853_145043556596350_3938811255409631879_n.jpg?_nc_ht=scontent-icn1-1.cdninstagram.com,https://scontent-icn1-1.cdninstagram.com/vp/2528e294f6c6a478703a61ac60ea6d4a/5DC8F854/t51.2885-15/e35/67198417_376175096421941_6007198351065036108_n.jpg?_nc_ht=scontent-icn1-1.cdninstagram.com,https://scontent-icn1-1.cdninstagram.com/vp/3feb736a037f9998fa684f616cc7d040/5D39BFAC/t51.2885-15/e35/66808499_361957084469083_8631080093981477957_n.jpg?_nc_ht=scontent-icn1-1.cdninstagram.com,,,,
https://www.instagram.com/p/B0Q5WCnAdDG/,2019-07-23T15:17:40.000Z,https://scontent-icn1-1.cdninstagram.com/vp/a2c81f80c90c9c18733d4e9af939a010/5DCCBE7A/t51.2885-15/e35/66619134_1243487109109063_7292982809201720731_n.jpg?_nc_ht=scontent-icn1-1.cdninstagram.com,"#교대벙 #LSD #2시간주
4-14km는 보은언니와 동반주👭
혼자뛰면 시간이 너무 안가는데 같이 뛰면 11km도 순삭 (feat.에프터샥 골전도 이어폰_내돈주고 샀는데 너무 좋아서...😳 귀건강에도, 안전에도 최고!! 에프터샥을 만나고 운동의 질이 달라졌죠)
.
보은언니 덕분에 6개월 만에 교대 뛰뛰🏃‍♀️🏃‍♂️
겨울 부상 이후 개학이 시작되었고 학교일에 올인하다보니 여름방학이 다가와서야 달리기 번개에 다시 참여할 수 있게 되었다😂
.
며칠 째 잠도 못자며 30km 가까이 계속 뛰는 언니를 응원하지만 너무나 걱정이 되어서..🥺
내일은 밧줄로 다리를 꽁꽁... 묶을 수도 없고 참
.
.
추운 겨울보다 시원하게 땀나는 여름이 더 뛰기 좋아요🙆‍♀️
#이제좀달려볼까 #나의계절 #여름
.
.
오늘은 뉴발란스 프레시폼1080을 개시했고
발볼 넓고 쿠션 좋아하는 나에게 맞춤형 신발을 찾아서 너무나 기분이 좋았다.
그래서 자꾸자꾸 더 뛰고 싶어지는 부작용이...
20km 뛰고도 업힐 따릉이 신나게 할만큼 발이 편안해요
풀마라톤 메이트로 딱인듯!(근데 풀마는 언제 뛸거니)
@nbrunning_kr nbrc 1주년 다시한번 축축🥳
.
오늘은 어쩌다보니 아침수영1050m 저녁러닝20km 퇴근라이딩 2.4km
#철인3종
교대~강남, 강남~선릉 따릉이 반납하고 다시 빌렸는데
분명 없던 따릉이도 내가 다가가니 누군가 반납해주는 #운수좋은날
#좋아계획대로되고있어
.
.
오랜만에 보는 보은언니, 성현오빠, 미소언니, 재성오빠 너무 반가워서 땀이....🙈💕
.
.
.
.
#NBEC #NBRC #newbalance #running #프레시폼1080 #에프터샥 #트랙에어 #골전도이어폰 #안전제일 #톡톡 #교대트랙 #화이팅 #런스타그램 #따릉이 #운동스타그램 #swimming #riding #triathlon",https://scontent-icn1-1.cdninstagram.com/vp/fe05fb2e95f34545bf8a4b9c73a80ef5/5DE529D8/t51.2885-15/e35/64393107_2284643591851712_4153764378677142319_n.jpg?_nc_ht=scontent-icn1-1.cdninstagram.com,https://scontent-icn1-1.cdninstagram.com/vp/e0ec0add79257696f89349a70304cf41/5DD0B4A2/t51.2885-15/e35/67447773_2439585812764475_7788933039339596641_n.jpg?_nc_ht=scontent-icn1-1.cdninstagram.com,https://scontent-icn1-1.cdninstagram.com/vp/f4ec3e20edd7b4a19e1d3672611b5160/5D39CDDB/t51.2885-15/e35/66947324_984550208544295_7087490080582637721_n.jpg?_nc_ht=scontent-icn1-1.cdninstagram.com,https://scontent-icn1-1.cdninstagram.com/vp/37db318b6c2c535e23018cce255f9faf/5DCD39FA/t51.2885-15/e35/66654591_1298876133622680_1658824828673212174_n.jpg?_nc_ht=scontent-icn1-1.cdninstagram.com,https://scontent-icn1-1.cdninstagram.com/vp/fe51d29a550eeb71c106164f5a0909b5/5DCBFCAA/t51.2885-15/e35/66473341_426652318062807_1560798431828058474_n.jpg?_nc_ht=scontent-icn1-1.cdninstagram.com,https://scontent-icn1-1.cdninstagram.com/vp/c7f73e7da7f0162a71c49b28cceee71b/5DCBDCD0/t51.2885-15/e35/65896004_2595142373829370_5402419194583016968_n.jpg?_nc_ht=scontent-icn1-1.cdninstagram.com,https://scontent-icn1-1.cdninstagram.com/vp/25a597188b0163905c36b468fe60e1ca/5DD3ADFE/t51.2885-15/e35/66711397_620407558467829_905465900747943413_n.jpg?_nc_ht=scontent-icn1-1.cdninstagram.com,https://scontent-icn1-1.cdninstagram.com/vp/75e4eae43a5293442a890b908c5420a5/5DEA8978/t51.2885-15/e35/66520289_120766465588977_1255240806113603901_n.jpg?_nc_ht=scontent-icn1-1.cdninstagram.com,https://scontent-icn1-1.cdninstagram.com/vp/6243a86cde792af7a79715c707545ccc/5DCD3D56/t51.2885-15/e35/66507737_866669647041011_3498124535806303243_n.jpg?_nc_ht=scontent-icn1-1.cdninstagram.com
https://www.instagram.com/p/B0Q5VDylz7M/,2019-07-23T15:17:32.000Z,https://scontent-icn1-1.cdninstagram.com/vp/efabe974b10c353b6edd33e79f88b188/5DEE4B8A/t51.2885-15/e35/p1080x1080/66672565_345153469748273_5102262171333629219_n.jpg?_nc_ht=scontent-icn1-1.cdninstagram.com,🌙 밤에 따룽이,,,,,,,,,
https://www.instagram.com/p/B0Q5KAWnvxN/,2019-07-23T15:16:02.000Z,https://scontent-icn1-1.cdninstagram.com/vp/b9ccfd35ec99e2c85117e62e7edc0300/5DB3B738/t51.2885-15/e35/s1080x1080/66420190_442584406589845_630480255225397781_n.jpg?_nc_ht=scontent-icn1-1.cdninstagram.com,"💦
.
.
#오늘날씨 #습하고덥다 #운동중 #셀카 #셀스타그램 #따릉이 #일상 #셀피 #감성 #daily #99년생 #21 #서울 #선팔 #다이렉트 #좋아요반사 #집순이",,,,,,,,,
https://www.instagram.com/p/B0Q4yMIHGhq/,2019-07-23T15:12:47.000Z,https://scontent-icn1-1.cdninstagram.com/vp/77ac8275b7e062573e5c4728c5100350/5DAF9F4F/t51.2885-15/e35/s1080x1080/67834978_441201493129696_2049662637077800580_n.jpg?_nc_ht=scontent-icn1-1.cdninstagram.com,"열시 반까지 야근하고
상암-홍제간 망할노메 따릉이
영영 귀가 못할뻔
엉덩이랑 다리가 떨어져 나간거 같은데
기분탓인가봉가
#따릉이 #망할따릉이
이름은 왜 귀엽고 난리",,,,,,,,,
https://www.instagram.com/p/B0Q4kpRH-sj/,2019-07-23T15:10:56.000Z,https://scontent-icn1-1.cdninstagram.com/vp/8fc421ff6f8998bacce865a0c3a30455/5DB5E130/t51.2885-15/e35/66624992_2869040356445132_276703799334612552_n.jpg?_nc_ht=scontent-icn1-1.cdninstagram.com,"성신여대->뚝섬유원지
뚝섬유원지->성신여대
따릉이타고나니 개운하다
#뚝섬유원지
#한양대
#따릉이
#라이딩
#한강라이딩",,,,,,,,,
https://www.instagram.com/p/B0Q4IHgghT6/,2019-07-23T15:07:02.000Z,https://scontent-icn1-1.cdninstagram.com/vp/5e4df784a94e6a46b45754b0fa472727/5DB5DB7C/t51.2885-15/e35/66321177_152817199199790_247991142229143145_n.jpg?_nc_ht=scontent-icn1-1.cdninstagram.com,"HAN RIVER🌉

#한강 #i❤️seoul #따릉이 #타고 #운동 #서울 #마지막밤 #in #seoul",,,,,,,,,
https://www.instagram.com/p/B0Q3VCUFsHk/,2019-07-23T15:00:03.000Z,https://scontent-icn1-1.cdninstagram.com/vp/a3b1dc8984e7eb598aa1505c1b47da37/5DB38688/t51.2885-15/e35/s1080x1080/66396584_2478856629014033_3606349058158781739_n.jpg?_nc_ht=scontent-icn1-1.cdninstagram.com,퇴근 후 팬슬스커트를 입고 그것도 #따릉이 타고 한강 질주. @lee_mooni 뒷꽁무니 따라가느라 내 두 다리가 남아나질 않네😭 그나저나 2틀 연속 한강질주는 자제 해야할듯. 넘나 힘든거🤦‍♀️ #한강 #한강자전거 #따릉이타고 #한강질주 #옷이에러 #잠원지구,https://scontent-icn1-1.cdninstagram.com/vp/6fb3499b00ac3eaff8f03405e4717019/5DCACB07/t51.2885-15/e35/s1080x1080/66781923_717933762009913_7993876815881363883_n.jpg?_nc_ht=scontent-icn1-1.cdninstagram.com,https://scontent-icn1-1.cdninstagram.com/vp/7ab36525260f26298b92e5b914c8e6c1/5DE541AD/t51.2885-15/e35/s1080x1080/67626168_428621054661223_3733107464312247475_n.jpg?_nc_ht=scontent-icn1-1.cdninstagram.com,https://scontent-icn1-1.cdninstagram.com/vp/b1d8c4477f3a6af6df173b94125f33fd/5DD1B90A/t51.2885-15/e35/s1080x1080/66126527_1330767677072638_7075673806322765543_n.jpg?_nc_ht=scontent-icn1-1.cdninstagram.com,,,,,,
https://www.instagram.com/p/B0Q3RqgnqXu/,2019-07-23T14:59:36.000Z,https://scontent-icn1-1.cdninstagram.com/vp/b9b382540e0060a1b2e918fff35d1ca4/5DCBB728/t51.2885-15/e35/p1080x1080/66397075_2300587560259158_6767406033434706719_n.jpg?_nc_ht=scontent-icn1-1.cdninstagram.com,"#따릉이 #agongi운동기록 #수고했어오늘도
음 따릉이 너 오류인거니...?ㅠ.ㅠ
1200칼로리라닝..ㅋㅋ 오늘 많이타지도않았는데! 그래도 오늘 6개월치 새로구매했어요👍🏻👍🏻선선할때 스트레스풀겸 타야지🎊🎊
.
오늘 친구랑 카페문닫을때까지 수다떨고 ㅋㅋㅋ 완전웃겼어요 ㅋㅋㅋㅋ 자주보고 뭐 통화나카톡도많이하지만 만나면 정말최고죠 ㅋㅋ 항상 만날때마다 우리의 학창시절이 가끔 그립다..🥰",https://scontent-icn1-1.cdninstagram.com/vp/07d39ce944d2faa5c5239b6dc49cbe2e/5DB47AD4/t51.2885-15/e35/p1080x1080/66679804_665525993964963_4667807384244353632_n.jpg?_nc_ht=scontent-icn1-1.cdninstagram.com,,,,,,,,
https://www.instagram.com/p/B0Q3BJPJ7vz/,2019-07-23T14:57:21.000Z,https://scontent-icn1-1.cdninstagram.com/vp/a63c2849a43fb5f2a8406b155818af01/5DB842AD/t51.2885-15/e35/s1080x1080/65972842_370762383495902_2670622700577893036_n.jpg?_nc_ht=scontent-icn1-1.cdninstagram.com,"오랜만에 자전거 타니까 재밌네에에ㅔ
종종이용해야지
#야간라이딩 .
.
.
#따릉이 #자전거 #운동 #홈트 #꾸준함이생명 #🙏",,,,,,,,,
https://www.instagram.com/p/B0Q2_8hFfkV/,2019-07-23T14:57:11.000Z,https://scontent-icn1-1.cdninstagram.com/vp/7f23848c6b1d173b5d9bef167a21634b/5DE0D06D/t51.2885-15/e35/67683185_146616666408105_3263608235290693492_n.jpg?_nc_ht=scontent-icn1-1.cdninstagram.com,"미필이랑 천년만에 데이트 🏀🚴🏻‍♂️💛
#따릉이#닭국수#미필#0점#20190723",https://scontent-icn1-1.cdninstagram.com/vp/18d6e0ce4dc6c645f96dacc2001d7f54/5DB0E63B/t51.2885-15/e35/66044833_2409103425779649_4898583007631533264_n.jpg?_nc_ht=scontent-icn1-1.cdninstagram.com,https://scontent-icn1-1.cdninstagram.com/vp/4abddd5c682b869cf35033d7de2395b9/5DD13410/t51.2885-15/e35/s1080x1080/66058463_1727975874168072_6091682739875456890_n.jpg?_nc_ht=scontent-icn1-1.cdninstagram.com,https://scontent-icn1-1.cdninstagram.com/vp/a775bd12c282c20d6030296e4613ddb9/5DCC8CE9/t51.2885-15/e35/66034991_353598085555120_5133678498937954437_n.jpg?_nc_ht=scontent-icn1-1.cdninstagram.com,https://scontent-icn1-1.cdninstagram.com/vp/97c62db2327b6b0c04009004792907bc/5DAF481F/t51.2885-15/e35/s1080x1080/66649480_236284723921522_8520579889500496484_n.jpg?_nc_ht=scontent-icn1-1.cdninstagram.com,,,,,
https://www.instagram.com/p/B0Q1c_tHQpp/,2019-07-23T14:45:47.000Z,https://scontent-icn1-1.cdninstagram.com/vp/f3f72535d1b70f32d8ecc5e5531fd23c/5D39C69C/t51.2885-15/e35/67114179_2553105911380362_72984765403212446_n.jpg?_nc_ht=scontent-icn1-1.cdninstagram.com,,,,,,,,,,
https://www.instagram.com/p/B0Q1KDWpw8T/,2019-07-23T14:41:05.000Z,https://scontent-icn1-1.cdninstagram.com/vp/197a9a683094d0f4323ee8c3982e8fb3/5DEE8D3B/t51.2885-15/e35/65749620_121988159075839_5688286664126632271_n.jpg?_nc_ht=scontent-icn1-1.cdninstagram.com,"20190723
따릉이 2km + 그룹러닝 5.5km
.
사진 약간 주인공 느낌...? 진짜 되게 운영진 같아 보이네😥😥
오늘은 크루 정기모임 후 걸어서 집 복귀🏃🏃
저번과 달리 도림천코스 무사히 완주! 사실 보라매 진입해서 걸을 뻔 했지만 나름 걷지는 않고 거북이처럼 뛰어서 집결지까지🐢🐢
.
이태원과 강남을 휘저은데다 집까지 걸어오니 걸음수가....^^
아이고야 디다 디😫😫😫
.
#운동 #달리기 #자전거 #따릉이 #초보러너 #런린이 #나이키 #보라매공원 #미밴드 #미밴드3 #미핏 #workout #running #nike #NRC #miband #miband3 #mifit",https://scontent-icn1-1.cdninstagram.com/vp/e489cb83151abcbc6241f92ca048c3c9/5DAFAF0B/t51.2885-15/e35/65835155_151525522632132_3540745487949902907_n.jpg?_nc_ht=scontent-icn1-1.cdninstagram.com,https://scontent-icn1-1.cdninstagram.com/vp/8bb02c3c9dc5853ba2d71c321ff38681/5DE292F0/t51.2885-15/e35/66878487_461182118069920_8823855711490958649_n.jpg?_nc_ht=scontent-icn1-1.cdninstagram.com,,,,,,,
https://www.instagram.com/p/B0Q0WO0B0WY/,2019-07-23T14:34:00.000Z,https://scontent-icn1-1.cdninstagram.com/vp/edd70011e9ffcdd496b2faa0b315a0ad/5DAEA7BF/t51.2885-15/e35/s1080x1080/66670293_649490292217864_3056352666255697940_n.jpg?_nc_ht=scontent-icn1-1.cdninstagram.com,"따흑씨 너모 아픔🤣🤣🤣🤣
.
.
.
#처음이자마지막 #아마도 #따릉이랑넘어짐 #마치 #만화처럼 #액정나가버림 #무릎도나감 #손바닥도나감 #어깨도나감 #따릉이 #보고싶어요 #봉구보이 #다음엔봉구보이랑 #눙물찔끔 #나는안울어 #당곡사거리 #성산대교 #자전거 #라이딩",https://scontent-icn1-1.cdninstagram.com/vp/d0f5237fd0ba2549dfd9a98bef117a67/5DD224C5/t51.2885-15/e35/s1080x1080/67346321_372996333413666_3173683067741528497_n.jpg?_nc_ht=scontent-icn1-1.cdninstagram.com,https://scontent-icn1-1.cdninstagram.com/vp/1153a74c8f2789986f7b0acb659f244a/5DE5420C/t51.2885-15/e35/s1080x1080/67051433_167736950933811_3439974516380578321_n.jpg?_nc_ht=scontent-icn1-1.cdninstagram.com,,,,,,,
https://www.instagram.com/p/B0QzJ1sATGc/,2019-07-23T14:23:35.000Z,https://scontent-icn1-1.cdninstagram.com/vp/d9df44b7ec240970b22243f25ae16059/5DB84DE3/t51.2885-15/e35/s1080x1080/65904263_1269733619867186_175705430244325659_n.jpg?_nc_ht=scontent-icn1-1.cdninstagram.com,"오늘 하늘이 죠스바색이야.

#송정체육공원 #죠스바 #밤하늘 #하늘 #자전거 #따릉이 #서울세금이렇게써먹는중 #따릉이엉덩이아픔 #따릉이라이트좀점검해주세오 #그리고우리동네따릉이다어디갔어",,,,,,,,,
https://www.instagram.com/p/B0QyXcxnXBG/,2019-07-23T14:16:56.000Z,https://scontent-icn1-1.cdninstagram.com/vp/b44b18b04df9565d0d3a7cf701189e17/5D3941C9/t51.2885-15/e35/66287843_190825851923043_2201484794252015541_n.jpg?_nc_ht=scontent-icn1-1.cdninstagram.com,#따릉이,,,,,,,,,
https://www.instagram.com/p/B0QxuxkguBH/,2019-07-23T14:11:09.000Z,https://scontent-icn1-1.cdninstagram.com/vp/acb60b0fc8f4e8fdc61122d31bb20ea4/5DCE5AD2/t51.2885-15/e35/66236735_439453713563589_646870809161443076_n.jpg?_nc_ht=scontent-icn1-1.cdninstagram.com,"서울 한남대교 누나랑 15km 자전거 완주 했다

#선팔맞팔 #자전거 #누나 #한남대교 #일상 #맞팔 #소통해요 #소통 #서울 #선팔 #맞팔 #인스타그램 #따릉이",https://scontent-icn1-1.cdninstagram.com/vp/f2a4664655faec007437883d40279baf/5DE61CD2/t51.2885-15/e35/66448990_216860952625619_6778518405978491107_n.jpg?_nc_ht=scontent-icn1-1.cdninstagram.com,,,,,,,,
https://www.instagram.com/p/B0QxoO6ljCE/,2019-07-23T14:10:15.000Z,https://scontent-icn1-1.cdninstagram.com/vp/50d63dc6fdf55cd95da1a0077c244421/5DE7BC9F/t51.2885-15/e35/s1080x1080/66448309_463099731144830_2649345093810773681_n.jpg?_nc_ht=scontent-icn1-1.cdninstagram.com,"#첫줄
#쌩얼주의 🙄
낮에 운동하고,
저녁엔
오랜만에 인스 만나서 또 운동.
누가보면 운동 중독인 줄 알겠네.
오늘 돌체라떼, 소세지빵 하나, 미니 카스테라 먹은게 전부...
너무 배고파 쓰러질 거 같아서 집에와서 타코야끼 먹어줌..🐙
오늘 땀 몇 바가지 쏟은 듯..
#도가니조심 .
.
.
.
#일상 #일상스타그램 #셀피 #셀카 #셀스타그램 #쌩얼 #생얼 #민낯 #쌩얼스타그램 #selfie #운동 #운동스타그램 #운동하는여자 #자전거 #가양대교 #한강 #야경 #한강야경 #안양천 #따릉이 🚲",https://scontent-icn1-1.cdninstagram.com/vp/fc4a5591eccc97b690ad50619aec0d67/5DE0F86F/t51.2885-15/e35/s1080x1080/65702224_321482638730050_4861406396568190339_n.jpg?_nc_ht=scontent-icn1-1.cdninstagram.com,https://scontent-icn1-1.cdninstagram.com/vp/0d57c00970e71ed2dfd3313122daf951/5DEA3407/t51.2885-15/e35/s1080x1080/65842143_152265565951977_3929087557731163255_n.jpg?_nc_ht=scontent-icn1-1.cdninstagram.com,https://scontent-icn1-1.cdninstagram.com/vp/89c54ae34cd400c5b32b2f3ac61bf33e/5DEA93E1/t51.2885-15/e35/s1080x1080/66266584_764895790573982_1419002030277390698_n.jpg?_nc_ht=scontent-icn1-1.cdninstagram.com,,,,,,
https://www.instagram.com/p/B0Qw9-8nbQK/,2019-07-23T14:04:29.000Z,https://scontent-icn1-1.cdninstagram.com/vp/929e010bfb840dde76a5d797344a8ef5/5DE52839/t51.2885-15/e35/s1080x1080/65776340_593661171163401_4564616859775273713_n.jpg?_nc_ht=scontent-icn1-1.cdninstagram.com,,,,,,,,,,
https://www.instagram.com/p/B0Qw7L8hFUP/,2019-07-23T14:04:06.000Z,https://scontent-icn1-1.cdninstagram.com/vp/c88008aaef52a3fd1f0e4e571fea3f15/5DEDF712/t51.2885-15/e35/s1080x1080/66922749_903234856678242_1868967500865256732_n.jpg?_nc_ht=scontent-icn1-1.cdninstagram.com,"오늘도 힐링 끝 -

율울메이트 자전거 정기권 산다는거
잠시 보류시킴 😂",https://scontent-icn1-1.cdninstagram.com/vp/d254aa736dee7a8f049c96006ea76d70/5DEBD136/t51.2885-15/e35/s1080x1080/66498050_464670781023714_2904493715902252814_n.jpg?_nc_ht=scontent-icn1-1.cdninstagram.com,,,,,,,,
https://www.instagram.com/p/B0Quy_zhbva/,2019-07-23T13:45:30.000Z,https://scontent-icn1-1.cdninstagram.com/vp/11b56be6be1565faddbaf7c5308cb5ab/5DE5ECDF/t51.2885-15/e35/s1080x1080/66080741_407899766507117_1565647045449232245_n.jpg?_nc_ht=scontent-icn1-1.cdninstagram.com,"오늘은 야밤에 따릉이 (집 앞에 잠깐 나갔다가 따릉이 행)
#야밤 #따릉이 #자곡동 #문정동 #피자 #냠 #피씨방 #아이스티 #냠 #개더워 #",https://scontent-icn1-1.cdninstagram.com/vp/544e1db3f9f76ba758720ab53050b11c/5DE1FC3C/t51.2885-15/e35/s1080x1080/66767715_143092796785255_3889077500662814069_n.jpg?_nc_ht=scontent-icn1-1.cdninstagram.com,https://scontent-icn1-1.cdninstagram.com/vp/8794a00cf8ef5df27d5c0e832120d75d/5DCEAD41/t51.2885-15/e35/s1080x1080/66332740_493568724735402_7812427823095849813_n.jpg?_nc_ht=scontent-icn1-1.cdninstagram.com,,,,,,,
https://www.instagram.com/p/B0QupBbpQTF/,2019-07-23T13:44:09.000Z,https://scontent-icn1-1.cdninstagram.com/vp/c2f9b47b9aa59e3aa0a64c087cdd09ea/5DE6ABFE/t51.2885-15/e35/67167644_2523182967744387_6145104569182489142_n.jpg?_nc_ht=scontent-icn1-1.cdninstagram.com,#따릉이 는 이름도 귀엽다 🥰🌼🌸🌺🌼🥰🌸🌼🌸🧡,https://scontent-icn1-1.cdninstagram.com/vp/43d650655aed243ffb6777afd650e79a/5DB105BE/t51.2885-15/e35/66606162_2912170745466787_1258970983759865923_n.jpg?_nc_ht=scontent-icn1-1.cdninstagram.com,https://scontent-icn1-1.cdninstagram.com/vp/8ce6093957ee78f2dde68577db422f0b/5DB76129/t51.2885-15/e35/66504449_480089436152357_2773123375154054710_n.jpg?_nc_ht=scontent-icn1-1.cdninstagram.com,,,,,,,
https://www.instagram.com/p/B0QuCYgJnC0/,2019-07-23T13:38:52.000Z,https://scontent-icn1-1.cdninstagram.com/vp/a903fb1afd5b173671c160a6c12d5116/5DE4ACBC/t51.2885-15/e35/s1080x1080/66383147_218235095806659_342827122188757922_n.jpg?_nc_ht=scontent-icn1-1.cdninstagram.com,"🚴🏽‍♂️
#중랑천#따릉이#운동후라면",,,,,,,,,
https://www.instagram.com/p/B0QtsBrHsAF/,2019-07-23T13:36:04.000Z,https://scontent-icn1-1.cdninstagram.com/vp/000331c34b4fed345be0ab37cda922a9/5D39BEA2/t51.2885-15/e35/66655804_626762551153400_2060424087898510501_n.jpg?_nc_ht=scontent-icn1-1.cdninstagram.com,"따릉이
릉
이

#따릉이 #데이트 #커플 #갬성 #일상 #맞팔 #follow #daily #자전거 #소통 #좋아요",,,,,,,,,
https://www.instagram.com/p/B0QtlKoBlQ7/,2019-07-23T13:34:53.000Z,https://scontent-icn1-1.cdninstagram.com/vp/94f8fdf1c96ff7d15c0f23deffe283e7/5DD05F06/t51.2885-15/e35/s1080x1080/67481224_152124335873628_4692195221087551360_n.jpg?_nc_ht=scontent-icn1-1.cdninstagram.com,"⠀⠀⠀
-
오늘 진짜루 덥다🤯
이러다 더위 먹을거 같아
-
⠀⠀⠀
⠀⠀⠀
#일상 #일기 #일기장 #소통 #사진 #하늘사진 #하늘 #신호동 #어린이보호구역 #빨래 #빨래하면서 #자전거타기 #자전거 #따릉이 #🚲 #일상스타그램 #일기장그램 #일기스타그램 #빨래방 #insta #daily #diary #igers #tflers #오늘 #날씨 #핵더움 #빨리 #겨울 #왔으면",,,,,,,,,
https://www.instagram.com/p/B0Qtdy0lE4Y/,2019-07-23T13:33:52.000Z,https://scontent-icn1-1.cdninstagram.com/vp/2805677ded12371e88e80451ecd2fac4/5DC9C13A/t51.2885-15/e35/65860556_570171023387481_8721230608427853976_n.jpg?_nc_ht=scontent-icn1-1.cdninstagram.com,,https://scontent-icn1-1.cdninstagram.com/vp/d8c2f7f7edfdd2d80c59d8464b0dd643/5DD2AA43/t51.2885-15/e35/66669113_1267048930134960_2184308700211755121_n.jpg?_nc_ht=scontent-icn1-1.cdninstagram.com,https://scontent-icn1-1.cdninstagram.com/vp/160dbb8be658913e6077ce86d811cee5/5DEAF8FC/t51.2885-15/e35/67583129_228737424758717_1097324877221067010_n.jpg?_nc_ht=scontent-icn1-1.cdninstagram.com,,,,,,,
https://www.instagram.com/p/B0Qtcd_gs18/,2019-07-23T13:33:41.000Z,https://scontent-icn1-1.cdninstagram.com/vp/ff31d2534012ed320d8b32a0bf4c9132/5DCD0752/t51.2885-15/e35/s1080x1080/66176465_661524817586467_9091121238413385509_n.jpg?_nc_ht=scontent-icn1-1.cdninstagram.com,"진짜 진짜 좋아하는 순라길과 을지로 😊
마지막은 갑분 새로 산 운동복 자랑 앤 따릉이🚲",,https://scontent-icn1-1.cdninstagram.com/vp/a55cd2adde7bc31c55397ca7d368a240/5DC98F22/t51.2885-15/e35/s1080x1080/66678276_657966904681170_3761348318230754768_n.jpg?_nc_ht=scontent-icn1-1.cdninstagram.com,https://scontent-icn1-1.cdninstagram.com/vp/59edab4306112f071170258e2cc263c9/5DB84CAC/t51.2885-15/e35/s1080x1080/66411260_2301369906613048_364816408112117520_n.jpg?_nc_ht=scontent-icn1-1.cdninstagram.com,https://scontent-icn1-1.cdninstagram.com/vp/cc85e7698b1f53259d95b2fe999404e0/5DE3983F/t51.2885-15/e35/s1080x1080/65931748_132944951280333_2408810154734608140_n.jpg?_nc_ht=scontent-icn1-1.cdninstagram.com,https://scontent-icn1-1.cdninstagram.com/vp/30b19a817f8a45f4dce91c7275fceda7/5DD0329A/t51.2885-15/e35/s1080x1080/66296525_511204009639366_5621045600413028260_n.jpg?_nc_ht=scontent-icn1-1.cdninstagram.com,https://scontent-icn1-1.cdninstagram.com/vp/eb5eb748dcf3fed1f0c5eb7f6d550d92/5DADF8EE/t51.2885-15/e35/s1080x1080/65861295_148370799574068_8343976100572195998_n.jpg?_nc_ht=scontent-icn1-1.cdninstagram.com,,,
https://www.instagram.com/p/B0QtBU4Aj5R/,2019-07-23T13:29:59.000Z,https://scontent-icn1-1.cdninstagram.com/vp/290bad56a95a0aadd001eac09cb4bd24/5DC774CB/t51.2885-15/e35/s1080x1080/66856744_2341378646102663_4864238363715688893_n.jpg?_nc_ht=scontent-icn1-1.cdninstagram.com,#서울시자전거 #따릉이 #퇴근길 #한강 #야경 #성수대교 #동호대교 #영동대교 뒤 #청담대교,https://scontent-icn1-1.cdninstagram.com/vp/fb940bdee3d72b37d8bcbd5f81e7050b/5DE2D2EA/t51.2885-15/e35/s1080x1080/67109987_859189581123579_7454901263775028942_n.jpg?_nc_ht=scontent-icn1-1.cdninstagram.com,https://scontent-icn1-1.cdninstagram.com/vp/5406359f304175c96c20ca1cd3e1c65f/5DB27D02/t51.2885-15/e35/s1080x1080/65938770_945355335803922_3799642065037079109_n.jpg?_nc_ht=scontent-icn1-1.cdninstagram.com,https://scontent-icn1-1.cdninstagram.com/vp/fbc64757431cea5fc664ac5edc01808b/5DC9866A/t51.2885-15/e35/s1080x1080/66158931_651423081935502_80666502889327413_n.jpg?_nc_ht=scontent-icn1-1.cdninstagram.com,,,,,,
https://www.instagram.com/p/B0Qsv0FFsoy/,2019-07-23T13:27:36.000Z,https://scontent-icn1-1.cdninstagram.com/vp/8b2133b58f76cb30c5a9e6b1d6fa5d37/5DE5BA4A/t51.2885-15/e35/s1080x1080/66719531_140559077143599_477472963904669502_n.jpg?_nc_ht=scontent-icn1-1.cdninstagram.com,"새로 이사온곳에 대해 알아가는중
집앞에 따릉이가 있다
언니랑 저녁먹고 한시간 빌려서
전에 살던 동네 헬스장 가서 운동화 찾아오기
자전거 잼잼🤪
#서울시#따릉이#서울시따릉이#퇴근후#자전거운동#🚴🏻‍♀️",,,,,,,,,
https://www.instagram.com/p/B0QsQl8HeSh/,2019-07-23T13:23:20.000Z,https://scontent-icn1-1.cdninstagram.com/vp/641ef42e05b64cb74adb81050fff3ba8/5DCF4215/t51.2885-15/e35/s1080x1080/66089937_139135147301093_6567223069237064223_n.jpg?_nc_ht=scontent-icn1-1.cdninstagram.com,"-
잠실에서 반포까지 with👯‍♀️",https://scontent-icn1-1.cdninstagram.com/vp/672df581b1139af37f61b8f8091bc70c/5D39B245/t51.2885-15/e35/66291991_464685274330486_5300212057160253716_n.jpg?_nc_ht=scontent-icn1-1.cdninstagram.com,https://scontent-icn1-1.cdninstagram.com/vp/34afb02d176b6ba29fe458fec396711b/5DB8B0AA/t51.2885-15/e35/s1080x1080/67345359_2397635503852689_6490974596684638527_n.jpg?_nc_ht=scontent-icn1-1.cdninstagram.com,,,,,,,
https://www.instagram.com/p/B0QrMqXHUdc/,2019-07-23T13:14:03.000Z,https://scontent-icn1-1.cdninstagram.com/vp/3b266659073d44b664c3cb5d060f0ff9/5DADE7B1/t51.2885-15/e35/67277193_128043045111903_6326576058775522952_n.jpg?_nc_ht=scontent-icn1-1.cdninstagram.com,백만년만의 따릉스,,,,,,,,,
https://www.instagram.com/p/B0QqTyxA6QS/,2019-07-23T13:06:18.000Z,https://scontent-icn1-1.cdninstagram.com/vp/a3258dfbc66e45f2d59f71184d1f0f6c/5DD37930/t51.2885-15/e35/s1080x1080/67374045_144307936761935_4040743375454670076_n.jpg?_nc_ht=scontent-icn1-1.cdninstagram.com,"한강 라이딩쓰 다리보다 동고가 더아픔😂
#한강 #야경 #따릉이",,,,,,,,,
https://www.instagram.com/p/B0Qp-3_H43c/,2019-07-23T13:03:26.000Z,https://scontent-icn1-1.cdninstagram.com/vp/c6a86c16aa2c8c261faf4d58f1f362e6/5DD1505E/t51.2885-15/e35/s1080x1080/66950402_121926092418223_8821883890230566212_n.jpg?_nc_ht=scontent-icn1-1.cdninstagram.com,내게 강~~같은 평화💙,,,,,,,,,
https://www.instagram.com/p/B0Qp9H_gXR8/,2019-07-23T13:03:18.000Z,https://scontent-icn1-1.cdninstagram.com/vp/c9b96163a55aa5fb5166cf463c106931/5D393367/t51.2885-15/e35/66387448_2379051852411911_6547957869638905320_n.jpg?_nc_ht=scontent-icn1-1.cdninstagram.com,"😄
사진찍는 줄 알았다가
와삭🐣

#한강#따릉이#자벌레#스투시",,,,,,,,,
https://www.instagram.com/p/B0QpxpOpkw4/,2019-07-23T13:01:38.000Z,https://scontent-icn1-1.cdninstagram.com/vp/74a659bbaf33e9db6a7a13f030b3d45f/5DC88D4D/t51.2885-15/e35/p1080x1080/67122173_145918369929270_4361733210071448404_n.jpg?_nc_ht=scontent-icn1-1.cdninstagram.com,#난지한강공원#따릉이#대서#여름밤#자전거 대서엔 역시 따릉이지😓,https://scontent-icn1-1.cdninstagram.com/vp/ce155329602daf94ebbb17e70dc50416/5DEC296C/t51.2885-15/e35/p1080x1080/66448988_2137034193255867_1455331779250460381_n.jpg?_nc_ht=scontent-icn1-1.cdninstagram.com,https://scontent-icn1-1.cdninstagram.com/vp/2cb50ba929a6fce199f94ea17a4f3cab/5DB72588/t51.2885-15/e35/p1080x1080/66298549_933315600349463_2173647584519774505_n.jpg?_nc_ht=scontent-icn1-1.cdninstagram.com,,,,,,,
https://www.instagram.com/p/B0QoJ2DgdRq/,2019-07-23T12:47:27.000Z,https://scontent-icn1-1.cdninstagram.com/vp/ffe3a52fd22ba36c725c113cc4d21bb5/5DE4BC6B/t51.2885-15/e35/66703861_2347959708572832_2065028914452586482_n.jpg?_nc_ht=scontent-icn1-1.cdninstagram.com,"2019 #서울로그 서울은 '쉼'이다 #따릉이 🚲
#2019잘생겼다 #2019잘생겼다서울 #따릉이자전거 #자전거",,https://scontent-icn1-1.cdninstagram.com/vp/fa780e634db0aff05fbeb8b16be32c23/5DD1CE86/t51.2885-15/e35/67077080_379190602789645_5308589982736838138_n.jpg?_nc_ht=scontent-icn1-1.cdninstagram.com,,,,,,,
https://www.instagram.com/p/B0Qns4-JSFn/,2019-07-23T12:43:30.000Z,https://scontent-icn1-1.cdninstagram.com/vp/0f1ffc8adeb13d5464fe4bd7624e8526/5DD0B443/t51.2885-15/e35/65548208_698799477249661_3290359136072539456_n.jpg?_nc_ht=scontent-icn1-1.cdninstagram.com,#잠수교 #따릉이 #달리니까좋다 #유후 #🚴🏻‍♀️,,,,,,,,,
https://www.instagram.com/p/B0QnsALHI4N/,2019-07-23T12:43:23.000Z,https://scontent-icn1-1.cdninstagram.com/vp/bf5641101bad969d0f17a6ac86112994/5DB5B913/t51.2885-15/e35/65935277_143909873372407_6747053866626852445_n.jpg?_nc_ht=scontent-icn1-1.cdninstagram.com,"#야간라이딩
을 할수밖에 없는 이유 ㅠㅠ
며칠동안 퇴근하면서 운동한답시고
때릉이를 탔더니 얼굴이 탔다..
나는 하얀피부가 생명이거늘
하아 미백을해도 안돌아온다..
그래서 당분간 저녁라이딩...
오랜만에 장거리타니 또 힘들다
.
.
#따릉이 #따릉이정기권 #자전거라이딩
#다이어트 #다음생애 #운동하자",,,,,,,,,
https://www.instagram.com/p/B0Qm5qOBDps/,2019-07-23T12:36:31.000Z,https://scontent-icn1-1.cdninstagram.com/vp/54e035083c1576a7796ec42ee399d508/5DCD6A36/t51.2885-15/e35/66621475_129468294952759_8025236419280838203_n.jpg?_nc_ht=scontent-icn1-1.cdninstagram.com,혼자 따릉이타고 한강 왕복✌✌ #일상 #휴무 #서울 #따릉이 #자전거 #한강 #운동 #더워 #땀범벅 #뿌듯 #로망 #성공적,,,,,,,,,
https://www.instagram.com/p/B0QmiEYlqju/,2019-07-23T12:33:17.000Z,,"昨天趁著天氣好去漢江騎了腳踏車🚴‍♀️ 不過不是從大家熟悉的汝夷島開始騎，而是從옥수역（玉水站）騎到뚝섬（纛島）

除了玉水站離我宿舍比較近以外，也帶了點私心，但果然沒有人品好到可以就這樣遇到南俊😂

따릉이（類似我們的ubike）滿好騎的，電子儀表板還會顯示使用時間、騎乘里程數跟消耗的卡路里。價錢也很佛，單次使用有一小時、兩小時跟一整天，我昨天選的是兩小時2000的方案，但個人覺得來旅遊的話選一個小時1000的騎個意思意思就好了

另外，第一張照片是聖水大橋，在1994年曾經發生過崩塌意外，造成33人死亡、17人重傷，一直到1997年才又重新啟用。經過這麼多年，站在橋下還是感到很難過，願亡者安息。

#한강 #따릉이 #뚝섬 #성수대교",https://scontent-icn1-1.cdninstagram.com/vp/390f573c0713d315eeda810ffa212465/5DE33AC0/t51.2885-15/e35/s1080x1080/66173328_376117553045196_2317227484074748990_n.jpg?_nc_ht=scontent-icn1-1.cdninstagram.com,https://scontent-icn1-1.cdninstagram.com/vp/e966ce46fca4295c6e1f80a3e06e2a14/5DB87E55/t51.2885-15/e35/s1080x1080/66226473_465603067337725_3808288712875636936_n.jpg?_nc_ht=scontent-icn1-1.cdninstagram.com,https://scontent-icn1-1.cdninstagram.com/vp/2bdc2797d3ae6da1794b6ad43fb672d2/5DEDD972/t51.2885-15/e35/s1080x1080/66285637_2385433718405131_5892284661369663952_n.jpg?_nc_ht=scontent-icn1-1.cdninstagram.com,https://scontent-icn1-1.cdninstagram.com/vp/a652857a70363b57468a41b5122d7874/5D39BAFC/t51.2885-15/e35/66648398_680012375758232_3493501286519602826_n.jpg?_nc_ht=scontent-icn1-1.cdninstagram.com,https://scontent-icn1-1.cdninstagram.com/vp/ba5a09d57ff07d97febb35123a4dbf3a/5DC9E471/t51.2885-15/e35/s1080x1080/66835541_149546176124581_1837548343842669511_n.jpg?_nc_ht=scontent-icn1-1.cdninstagram.com,,,,
https://www.instagram.com/p/B0QmgpOnQpz/,2019-07-23T12:33:06.000Z,https://scontent-icn1-1.cdninstagram.com/vp/73f5f872adfd433720ead776375f81bd/5DB4F818/t51.2885-15/e35/s1080x1080/67400405_482743635848309_3629639290030231163_n.jpg?_nc_ht=scontent-icn1-1.cdninstagram.com,또🚲가🚲고🚲파 #한강#🐷#💕,,,,,,,,,
https://www.instagram.com/p/B0QkvxKjGH9/,2019-07-23T12:17:41.000Z,https://scontent-icn1-1.cdninstagram.com/vp/4747ff2dea2c82901b1ff1a93093a637/5DE47A3F/t51.2885-15/e35/66716613_1297491497089003_1946165393790635334_n.jpg?_nc_ht=scontent-icn1-1.cdninstagram.com,"지난 한 주 통으로 쉬고 진짜 오랜만에 따릉이.
여의도한강공원 가서 라면 먹고 오자 했는데,
더워서 라면은 무슨ㅜㅜ 냉라면이랑 냉면이 생각났던 하루.
폭염에 힘들지만 집에 도착해서 샤워하면 정말 개운함ㅠㅠ
이 맛에 타는거지. 따릉이메이트와의 수다도 좋고💕
돌아올 때 대화가 확 줄어드는건 어쩔 수 없는ㅎㅎㅎ
#따릉이#따릉이메이트#스릉흔드#여의도한강공원#라면은가을에#등원후자유시간",https://scontent-icn1-1.cdninstagram.com/vp/15950f10473afe51f32e9d25a4523bc8/5DEE365C/t51.2885-15/e35/65930726_372419333476123_4784391192585603054_n.jpg?_nc_ht=scontent-icn1-1.cdninstagram.com,https://scontent-icn1-1.cdninstagram.com/vp/830f34ef18677564239852b9ea7cf5ae/5DB460F1/t51.2885-15/e35/65826735_2607974995899642_1725641451825274396_n.jpg?_nc_ht=scontent-icn1-1.cdninstagram.com,,,,,,,
https://www.instagram.com/p/B0Qkb_WBQIm/,2019-07-23T12:14:59.000Z,https://scontent-icn1-1.cdninstagram.com/vp/2e2fb58ea6a8e9c97637b54c87817714/5D3A2320/t51.2885-15/e35/65871298_150836742666218_6865672198499708300_n.jpg?_nc_ht=scontent-icn1-1.cdninstagram.com,"2시간 자전거타고 라면먹고 2시간 걷기🚴🏻‍♀️🚴🏻‍♂️🏃🏻‍♀️🏃‍♂️
#따릉이#한강#행복",https://scontent-icn1-1.cdninstagram.com/vp/3505221fea31cf8b33b31bfc66b1b7cb/5DCBA270/t51.2885-15/e35/s1080x1080/67060821_151523159357933_1918100536924492914_n.jpg?_nc_ht=scontent-icn1-1.cdninstagram.com,https://scontent-icn1-1.cdninstagram.com/vp/a462aa7f422a0d47cb444d03908027e1/5DCB635A/t51.2885-15/e35/s1080x1080/66604476_365084264189349_2495434365262767878_n.jpg?_nc_ht=scontent-icn1-1.cdninstagram.com,,,,,,,
https://www.instagram.com/p/B0Qi53ThBgo/,2019-07-23T12:01:35.000Z,https://scontent-icn1-1.cdninstagram.com/vp/e3795dff8f494b75829f6f31ef640349/5DAF1626/t51.2885-15/e35/s1080x1080/67132118_362928824404202_2056465270025468727_n.jpg?_nc_ht=scontent-icn1-1.cdninstagram.com,오늘 간만에 따퇴!! 50분 걸림 🤔 마지막은 오늘간 카페 강쥐 뒷태 😻 #짱귀탱#따릉이,https://scontent-icn1-1.cdninstagram.com/vp/544afc914215a37e4db845da64720d8c/5DECB992/t51.2885-15/e35/s1080x1080/66129698_152461579231505_1910175498528286893_n.jpg?_nc_ht=scontent-icn1-1.cdninstagram.com,https://scontent-icn1-1.cdninstagram.com/vp/05e04317506b788f9b6c13ada820d71e/5DEA9A7E/t51.2885-15/e35/s1080x1080/67150674_458416668334245_2297828314410714739_n.jpg?_nc_ht=scontent-icn1-1.cdninstagram.com,,,,,,,
https://www.instagram.com/p/B0Qi0Egl47T/,2019-07-23T12:00:48.000Z,https://scontent-icn1-1.cdninstagram.com/vp/8ae77272be18317430ce4bff725704d6/5DC75E54/t51.2885-15/e35/s1080x1080/66387822_186947148965667_5263873303097172884_n.jpg?_nc_ht=scontent-icn1-1.cdninstagram.com,다릉다릉 ~,,,,,,,,,
https://www.instagram.com/p/B0QimiLAQyX/,2019-07-23T11:58:57.000Z,https://scontent-icn1-1.cdninstagram.com/vp/628d730163528d780b865e6c058c4142/5DE330EF/t51.2885-15/e35/p1080x1080/66656845_433437234051839_7407578229050491859_n.jpg?_nc_ht=scontent-icn1-1.cdninstagram.com,"#따릉이#렉시#자전거애칭
다음엔 전동킥보드를 대여해야지
자전거는 따릉인대
전동킥보드는 뭐라는거지?
검색해도 안나옴...",,,,,,,,,
https://www.instagram.com/p/B0Qid8tHSZR/,2019-07-23T11:57:46.000Z,https://scontent-icn1-1.cdninstagram.com/vp/0bd7304c08c18da83c585502dc1a1e6e/5DB48EA7/t51.2885-15/e35/s1080x1080/66660085_158081535312889_6651127028569730028_n.jpg?_nc_ht=scontent-icn1-1.cdninstagram.com,"아찍까지 밤에는 자전거를 탈만한 날씨다! #오늘의tmi
.
.
#첫줄 #일상 #감성 #daily #99년생 #21 #서울 #강남 #한남동 #성수동 #뚝섬유원지 #한강공원 #따릉이 #자전거 #한강 #밤 #운동스타그램 #야경 #선팔맞팔 #다이렉트 #좋아요 #집순이",,,,,,,,,
https://www.instagram.com/p/B0Qh9cbHi8V/,2019-07-23T11:53:20.000Z,https://scontent-icn1-1.cdninstagram.com/vp/b1f3373bdc08de3751e685b5eb877f89/5DD49001/t51.2885-15/e35/s1080x1080/66171344_2451748048380240_3137439830605866948_n.jpg?_nc_ht=scontent-icn1-1.cdninstagram.com,"새벽에 한강 라이딩🚴🏾‍♂️
.
.
.
.
.
#새벽 #새벽감성 #새벽운동 #자전거 #자전거라이딩 #자전거여행 #따릉이 #따릉이🚲 #따릉이자전거 #따릉이투어 #한강 #한강공원 #한강나이트워크 #좋반 #좋 #좋아요반사 #좋아요반사❤️ #팔 #팔로우 #팢팔 #선팔하면맞팔 #선팔하면맞팔가요 #분위기있는사진",https://scontent-icn1-1.cdninstagram.com/vp/1f4e095aa9ef1af0e64e640fcadd5ed2/5DEBC26A/t51.2885-15/e35/s1080x1080/66431574_165578427824657_906612160707456909_n.jpg?_nc_ht=scontent-icn1-1.cdninstagram.com,https://scontent-icn1-1.cdninstagram.com/vp/790e38dac879fcc762b9f9654f5bf14c/5DB54CB7/t51.2885-15/e35/s1080x1080/62439219_2346953392060235_2661534241613326664_n.jpg?_nc_ht=scontent-icn1-1.cdninstagram.com,https://scontent-icn1-1.cdninstagram.com/vp/0e86391629070307446da1e187f7fd45/5DD236F6/t51.2885-15/e35/s1080x1080/66131854_2895546384004533_7557958102097957810_n.jpg?_nc_ht=scontent-icn1-1.cdninstagram.com,https://scontent-icn1-1.cdninstagram.com/vp/5446ba511a7087d3c724a3a53aeddb41/5DD4FDBC/t51.2885-15/e35/s1080x1080/66478878_481489682417794_5272506664950816376_n.jpg?_nc_ht=scontent-icn1-1.cdninstagram.com,,,,,
https://www.instagram.com/p/B0QhhjahcKs/,2019-07-23T11:49:32.000Z,https://scontent-icn1-1.cdninstagram.com/vp/b9f666a37334176c455be9ac958b9459/5DD104C7/t51.2885-15/e35/66114649_2618088894909310_1796599691679717875_n.jpg?_nc_ht=scontent-icn1-1.cdninstagram.com,"랜만랜만오랜만에,따릉이🚴‍♀️
.
.
.
.
.
#일상 #운동스타그램 #자전거스타그램 #따릉이 #자장구 #맥주원샷하고싶다 #또르르😢 #너무더오",,,,,,,,,
https://www.instagram.com/p/B0Qf5TYAe-3/,2019-07-23T11:35:18.000Z,https://scontent-icn1-1.cdninstagram.com/vp/a763059f7099f53c143daae687183c21/5DD4B1C1/t51.2885-15/e35/s1080x1080/65786629_212210279700342_3993776646409387343_n.jpg?_nc_ht=scontent-icn1-1.cdninstagram.com,"저녁먹고 따릉이타고 한강 나들이
.
#시원하다 #우리_자전거는_왜인타고... #따릉이 #한강",https://scontent-icn1-1.cdninstagram.com/vp/2ac75e0eeae7b96daf06f79d41efdbf0/5DE49A97/t51.2885-15/e35/s1080x1080/66907054_124309651861919_6001002475038792720_n.jpg?_nc_ht=scontent-icn1-1.cdninstagram.com,https://scontent-icn1-1.cdninstagram.com/vp/5261f48fe0d20145329aa52e7c4f1f27/5DCBF898/t51.2885-15/e35/s1080x1080/67381908_1297665287069621_6587144357225296810_n.jpg?_nc_ht=scontent-icn1-1.cdninstagram.com,https://scontent-icn1-1.cdninstagram.com/vp/e9ea34b4f35fa008db9dbc65e814171b/5DE791C2/t51.2885-15/e35/s1080x1080/67391869_2231766596872272_6080619982063857029_n.jpg?_nc_ht=scontent-icn1-1.cdninstagram.com,,,,,,
https://www.instagram.com/p/B0Qf2lfh6Cz/,2019-07-23T11:34:55.000Z,https://scontent-icn1-1.cdninstagram.com/vp/aea272388f2f89e8b9d292c30989a7e1/5DE60B28/t51.2885-15/e35/s1080x1080/65776340_2059819937657638_1716726271483786177_n.jpg?_nc_ht=scontent-icn1-1.cdninstagram.com,좋은시간은 왜 빨리가는가🥺,,,,,,,,,
https://www.instagram.com/p/B0Qfe5HnKE4/,2019-07-23T11:31:41.000Z,https://scontent-icn1-1.cdninstagram.com/vp/a2c2fa2fc3f1e0b178a922043cf533b3/5DD416D7/t51.2885-15/e35/66430418_166926211015294_8520007197646277033_n.jpg?_nc_ht=scontent-icn1-1.cdninstagram.com,"#따릉이

오랫만에 따릉이 안뇽?
지영언니랑 6일만에 만나서 따릉이타러🤣🤣
점점 자전거 속도 단축되는거 보니 뭔가 많이 익숙해진건가..ㅋㅋ
자꾸 시간 단축됬다고 좋아하는 우리를 보니 싸이클선수인가...🤣
여의도마리나선착장까지 반납없이 58분만에 도착-!
오늘의 목표는 한강뷰 편의점 라면이였는데 달리다보니 알았음.. 오늘 폭염주의보😑😑 언니랑 도저히 라면 먹는건 아닌것 같아서 아이스크림으로 바꿈... 덥고 덥고 덥고 계속 덥고... 그냥 오는길에는 머엉... 더운정도가 아니라 이건 찜질방안에서 자전거 타는기분😑
되돌아오는길엔 BTS무언가를 봤고 언니가 찍어준 집에가고싶어 죽겠는 뒷모습 ㅋㅋㅋㅋ
오늘 진짜 따릉이탄날중 최고 힘들었던 그래도 시간 단축되서 즐거운❤
.
.
.
#따릉이🚲 #오랫만이야 #엉덩이아픔주의💦 #폭염주의보🚨
#3시간따릉이와함께 #다리너덜너덜😱 #한강뷰라면빠이🖐
#따릉이회원모집😝 #함께해요언니들💜",https://scontent-icn1-1.cdninstagram.com/vp/4e076376ab9c48762511dc3fb9515238/5DB5598F/t51.2885-15/e35/66292703_375914316399200_6587315473256405399_n.jpg?_nc_ht=scontent-icn1-1.cdninstagram.com,,,,,,,,
https://www.instagram.com/p/B0Qdo1rgnaW/,2019-07-23T11:15:34.000Z,https://scontent-icn1-1.cdninstagram.com/vp/41ac682c0b71a64c05a5a6f5bcfea7f1/5DCA5E0F/t51.2885-15/e35/s1080x1080/66657315_2225212770930111_4818254969552280325_n.jpg?_nc_ht=scontent-icn1-1.cdninstagram.com,"행복 박제🚲
#따릉이",https://scontent-icn1-1.cdninstagram.com/vp/5dc94f6a0a3bcece79a48d9155d294ff/5DE3AE29/t51.2885-15/e35/s1080x1080/66924667_749323222171058_716636771855081221_n.jpg?_nc_ht=scontent-icn1-1.cdninstagram.com,https://scontent-icn1-1.cdninstagram.com/vp/bf597e12099a7bf14286d74e4f2cefba/5DB252BA/t51.2885-15/e35/s1080x1080/66325605_1098711760332565_8041214393228853114_n.jpg?_nc_ht=scontent-icn1-1.cdninstagram.com,,,,,,,
https://www.instagram.com/p/B0QdeAfF2xZ/,2019-07-23T11:14:05.000Z,https://scontent-icn1-1.cdninstagram.com/vp/17d452f2e6f04e70be6d95ddf2ab563c/5D3951A8/t51.2885-15/e35/66989838_447040959360750_6924176016341011809_n.jpg?_nc_ht=scontent-icn1-1.cdninstagram.com,#한강 #올공 #따릉이,https://scontent-icn1-1.cdninstagram.com/vp/a38741534184860866d3108888ff5b27/5DC981D7/t51.2885-15/e35/66028430_675502189585321_4510574534473671736_n.jpg?_nc_ht=scontent-icn1-1.cdninstagram.com,https://scontent-icn1-1.cdninstagram.com/vp/fccc4f0725e323507b4be36354638e2b/5DCB44E0/t51.2885-15/e35/65966306_2315741378754281_6870118601042360519_n.jpg?_nc_ht=scontent-icn1-1.cdninstagram.com,,,,,,,
https://www.instagram.com/p/B0Qc_xvFyoC/,2019-07-23T11:09:58.000Z,https://scontent-icn1-1.cdninstagram.com/vp/9d95e2ab9ef6368945696bf1957bbe79/5DC7D3B8/t51.2885-15/e35/66235169_675080902904290_5250015207470872767_n.jpg?_nc_ht=scontent-icn1-1.cdninstagram.com,"따르릉 따르릉 비켜나세요
자전거가 나갑니다 따르르르릉🚲",https://scontent-icn1-1.cdninstagram.com/vp/38cada8dbf27df1677b2ffe2864c6c22/5DB3FF96/t51.2885-15/e35/67295723_358821511410123_1277889374698379177_n.jpg?_nc_ht=scontent-icn1-1.cdninstagram.com,https://scontent-icn1-1.cdninstagram.com/vp/c5dd6002087be40b9cc79b8b5f521df0/5D39403C/t51.2885-15/e35/66770285_377726209552078_1400168638151058097_n.jpg?_nc_ht=scontent-icn1-1.cdninstagram.com,,,,,,,
https://www.instagram.com/p/B0QZcQSFAzM/,2019-07-23T10:38:54.000Z,https://scontent-icn1-1.cdninstagram.com/vp/61b293460e6bb766dded44df297bc40c/5DE8F7E7/t51.2885-15/e35/66403127_364599420889505_1610560531048843872_n.jpg?_nc_ht=scontent-icn1-1.cdninstagram.com,"뒤늦게 #자전거라이딩 에 눈떴는데🙄
핵잼잇능데 또 언제가 우리 ? 👉🏻👈🏻
⠀
🚲🚲🚲🚲🚲
⠀
⠀
#photograph #한강공원 #한강자전거 #따릉이 #갬성사진",,,,,,,,,
https://www.instagram.com/p/B0QYNZnJFhN/,2019-07-23T10:28:08.000Z,https://scontent-icn1-1.cdninstagram.com/vp/81c557c3cd74d4028d27a7badcc7ff29/5DB5385F/t51.2885-15/e35/p1080x1080/64792821_2339175722836758_2516381302148976023_n.jpg?_nc_ht=scontent-icn1-1.cdninstagram.com,"#오늘도수고했음
#퇴근은자전거
#소확행
#까페이모가사이즈업해줬음
#땀범벅💦
#20km씩#꾸준히#따릉이",,,,,,,,,
https://www.instagram.com/p/B0QYJ66n3nI/,2019-07-23T10:27:39.000Z,https://scontent-icn1-1.cdninstagram.com/vp/104f37e4896156898921f5078c9d0eb6/5DD087F6/t51.2885-15/e35/s1080x1080/67598865_2076803979292348_233811347582175036_n.jpg?_nc_ht=scontent-icn1-1.cdninstagram.com,"#한강 #따릉이
다음엔 이겨주지.. #발마사지기 😡",https://scontent-icn1-1.cdninstagram.com/vp/ef3dc35fcabbf995538375291fa96464/5DB02F28/t51.2885-15/e35/s1080x1080/64295939_486600972143330_2063213713697686942_n.jpg?_nc_ht=scontent-icn1-1.cdninstagram.com,https://scontent-icn1-1.cdninstagram.com/vp/54e1484eedadf4d7a72ecd51e2afb65f/5DD2B4DF/t51.2885-15/e35/s1080x1080/66029103_262440401380206_818340554200336813_n.jpg?_nc_ht=scontent-icn1-1.cdninstagram.com,https://scontent-icn1-1.cdninstagram.com/vp/e324f2f4c7d059800816f29fe7c29e41/5DD30318/t51.2885-15/e35/s1080x1080/66232176_524427184966011_8622423036125726974_n.jpg?_nc_ht=scontent-icn1-1.cdninstagram.com,,,,,,
https://www.instagram.com/p/B0QX-4og0IH/,2019-07-23T10:26:09.000Z,https://scontent-icn1-1.cdninstagram.com/vp/5fdb5691f045ff59ef3a20f2a1b540fc/5DB7015A/t51.2885-15/e35/p1080x1080/67354939_360351691323171_6802084274924974847_n.jpg?_nc_ht=scontent-icn1-1.cdninstagram.com,버스에서 내리자마자 지옥일텐데 그냥 운동이나 해 보자라는 생각으로 따릉이.. 🚲 훅훅훅 소리내며 겨우 동네 골인.. 한참 자전거 좋아할땐 여의도 껌이었는데 🤷🏻‍♂️ #따릉이왕전복동 #한강 #안양천 #따릉이,https://scontent-icn1-1.cdninstagram.com/vp/0a7c65e503314441eeb6b37538c91624/5DB20653/t51.2885-15/e35/p1080x1080/66481388_2301634339957057_9148018773926209765_n.jpg?_nc_ht=scontent-icn1-1.cdninstagram.com,,https://scontent-icn1-1.cdninstagram.com/vp/a835e081ec3a5a26a9382a8b768bd8d4/5DD15C04/t51.2885-15/e35/p1080x1080/66165465_435224843993058_6560196457403442639_n.jpg?_nc_ht=scontent-icn1-1.cdninstagram.com,https://scontent-icn1-1.cdninstagram.com/vp/ad45918015c3fd34c917edc8fcf6267c/5DCAF1FC/t51.2885-15/e35/p1080x1080/66108891_2286290148368073_5352746930142493748_n.jpg?_nc_ht=scontent-icn1-1.cdninstagram.com,,,,,
https://www.instagram.com/p/B0QXiyNg-xZ/,2019-07-23T10:23:00.000Z,https://scontent-icn1-1.cdninstagram.com/vp/2bf3a6d82e6e5ecfa6ab1955af217053/5D39AF20/t51.2885-15/e35/66310302_741399352985888_623337798726407813_n.jpg?_nc_ht=scontent-icn1-1.cdninstagram.com,"🍃
#따릉이 #안양천 #자전거타고 #퇴근 #서울시민",,,,,,,,,
https://www.instagram.com/p/B0QWiC8APVC/,2019-07-23T10:13:29.000Z,https://scontent-icn1-1.cdninstagram.com/vp/1bcb422b15bbcfcacdee50adebeec4ed/5DB30F45/t51.2885-15/e35/p1080x1080/66312950_1236427183204116_130968116135952306_n.jpg?_nc_ht=scontent-icn1-1.cdninstagram.com,"오늘도 엉덩이 아픔 🍑 on 🔥. #안장통 #느껴본사람만아는 .
.
#한강 #자전거 #싸이클 #싸이클링 #자덕 #라이딩 #로드 #자전거그램 #따릉이 #자스타그램 #서울흐림 #hanriver #seoul #korea #roadbike #seoul #hanriver #road #nogear #specialized",,,,,,,,,
https://www.instagram.com/p/B0QVntmFI5z/,2019-07-23T10:05:31.000Z,https://scontent-icn1-1.cdninstagram.com/vp/0419ff0ef4f58b717c3e5484db704139/5DED97FD/t51.2885-15/e35/65672682_489920845151724_456089193364359817_n.jpg?_nc_ht=scontent-icn1-1.cdninstagram.com,노필터! 따릉이로 퇴근하기 🤪🚴‍♀️,,,,,,,,,
https://www.instagram.com/p/B0QVGirg1Yi/,2019-07-23T10:01:07.000Z,https://scontent-icn1-1.cdninstagram.com/vp/271f4f487eb89fd90b3a64f9c942f077/5D3A1AAC/t51.2885-15/e35/65737616_650920868758080_7171872038921317092_n.jpg?_nc_ht=scontent-icn1-1.cdninstagram.com,#따릉이 #퇴근,,,,,,,,,
https://www.instagram.com/p/B0QUOFKl8hE/,2019-07-23T09:53:16.000Z,https://scontent-icn1-1.cdninstagram.com/vp/56473a656354bf44595a166975dcac05/5DEDE6B9/t51.2885-15/e35/s1080x1080/66159481_478088322750129_8912607275326467670_n.jpg?_nc_ht=scontent-icn1-1.cdninstagram.com,"#190723
#한강라이딩
.
얼마만인지 모를 라이딩
남편은 PT받는 틈에 나는 자전거
다리끊어지겠는데 집에 어떻게 가지
죽음뿐 🚴🏻‍♀️
.
#일상#데일리#데일리그램#일상스타그램#daily#dailygram
#라이딩#따릉이#언제적러닝화야 😭",,,,,,,,,
https://www.instagram.com/p/B0QT-iFnn8T/,2019-07-23T09:53:04.000Z,https://scontent-icn1-1.cdninstagram.com/vp/162ff904313975fe84768668fba3a915/5D39BBFE/t51.2885-15/e35/65624234_1399033316920199_4871587974686416591_n.jpg?_nc_ht=scontent-icn1-1.cdninstagram.com,"여름에 야외운동 기분좋긴한데
집가면 힘들어서 사망할듯

#따릉이 #챌린지 #63빌딩 #자전거 #운동 #더워 #졸도직전",,,,,,,,,
https://www.instagram.com/p/B0QTrPzH4gB/,2019-07-23T09:48:31.000Z,https://scontent-icn1-1.cdninstagram.com/vp/916ef5fd7f235f1943a9b4d695b7876e/5DB24ECC/t51.2885-15/e35/s1080x1080/66777150_440438596550894_67462581073629973_n.jpg?_nc_ht=scontent-icn1-1.cdninstagram.com,".
#나를위한
#마지막한대
#따릉이
#자장구
#퇴근길
#근데
#갑자기
#비올거같아",,,,,,,,,
https://www.instagram.com/p/B0QSQyUB6Q0/,2019-07-23T09:36:10.000Z,https://scontent-icn1-1.cdninstagram.com/vp/12bb689ddd1ad6af6db9eb8a350deca6/5DB76B7C/t51.2885-15/e35/s1080x1080/66209244_478158486346390_7217525966629807273_n.jpg?_nc_ht=scontent-icn1-1.cdninstagram.com,#여름저녁 #따릉이 #퇴근길,,,,,,,,,
https://www.instagram.com/p/B0QQgdVF1nS/,2019-07-23T09:20:50.000Z,https://scontent-icn1-1.cdninstagram.com/vp/47b162f8ac53a8f01c6e3952e299e84f/5DCF6C7C/t51.2885-15/e35/66217665_353700471975187_298804032908003991_n.jpg?_nc_ht=scontent-icn1-1.cdninstagram.com,"⠀
여름엔 블루💙
⠀
푸른 바다처럼 청량감 가득한 컬러로
보기만 해도 시원한 베오플레이 P2
로얄 블루와 함께
눈과 귀의 피서를 즐겨보세요🏄🏻🌊🌊
⠀
#뱅앤올룹슨 #bangolufsen #베오플레이p2 #beoplayp2
#베오플레이 #beoplay #블루투스스피커 #스피커 #코오롱정품",,,,,,,,,
https://www.instagram.com/p/B0QQWSMBU9i/,2019-07-23T09:19:26.000Z,https://scontent-icn1-1.cdninstagram.com/vp/764934fbdb11f7240a6eb10628ea7148/5D394C64/t51.2885-15/e35/67434970_366678570598850_6533395400506120318_n.jpg?_nc_ht=scontent-icn1-1.cdninstagram.com,"서울시 따릉이로 퇴근.

#퇴근길 #따릉이 #한강 #라이딩 #선유도
#인스타그램 #인스타 #인스타라이프 #데일리 #인스타데일리 #오늘 #일상 #일상그램 #일상스타그램 #데일리그램 #인스타데일리#일상생활 #일상소통 #일상기록 #인스타일상 #소통해요 #소통 #좋아요 #맞팔 #선팔후맞팔 #선팔하면맞팔 #소통스타그램 #직장생활 #자유스타그램",https://scontent-icn1-1.cdninstagram.com/vp/bcfd4ccc89de776ed13435fd1eea4241/5D394A27/t51.2885-15/e35/65902430_343058459925746_5289834726751442582_n.jpg?_nc_ht=scontent-icn1-1.cdninstagram.com,https://scontent-icn1-1.cdninstagram.com/vp/217182fc43212d5769ad1c033efea685/5DB12B05/t51.2885-15/e35/67149465_383999495585577_2726520382776963711_n.jpg?_nc_ht=scontent-icn1-1.cdninstagram.com,https://scontent-icn1-1.cdninstagram.com/vp/8a2367c4fb819069dfce9de494d1ff59/5DD29B81/t51.2885-15/e35/66374087_687842651689017_7790712831185949684_n.jpg?_nc_ht=scontent-icn1-1.cdninstagram.com,https://scontent-icn1-1.cdninstagram.com/vp/cea47bcbbff4d63a76be3b94833f40a7/5DC83D79/t51.2885-15/e35/65663827_155994728871420_6624610376901189023_n.jpg?_nc_ht=scontent-icn1-1.cdninstagram.com,https://scontent-icn1-1.cdninstagram.com/vp/6550662bc75fc3680198d07287fcee04/5DB48C43/t51.2885-15/e35/62241246_2358345181109593_8780540786555687987_n.jpg?_nc_ht=scontent-icn1-1.cdninstagram.com,https://scontent-icn1-1.cdninstagram.com/vp/577b4ca95c4908763c72b4a9d2e20f84/5DAED7B6/t51.2885-15/e35/66288511_2389152824660637_6857131201041878626_n.jpg?_nc_ht=scontent-icn1-1.cdninstagram.com,https://scontent-icn1-1.cdninstagram.com/vp/6426d9ce819ea8529bc3c13361aa6080/5DEDCC74/t51.2885-15/e35/67185242_160375765098454_2063118050852900585_n.jpg?_nc_ht=scontent-icn1-1.cdninstagram.com,,
https://www.instagram.com/p/B0QPaMxlM9v/,2019-07-23T09:11:14.000Z,https://scontent-icn1-1.cdninstagram.com/vp/dd145fcdf21d00ecbfa723aa0f6d0d95/5DE5C306/t51.2885-15/e35/66821140_783689638695668_2535836331046393523_n.jpg?_nc_ht=scontent-icn1-1.cdninstagram.com,"서소문순교성지.... 절두산 순교성지, 용산 당고개순교성지와 함께 성당에 다니시던 골목안책방 PD님이 거의 이 세곳의 내력을 줄줄 읊으셨던 것을 듣고는 ""어우 개신교인 저는 양화진 이야기 하나 하는 것도 버거운데요"" 라고 했던게 생각이 났다. 그런데 여기가 이젠 서소문역사공원이라는 곳으로 업그레이드 되었더라. 서소문성지로 가는 길목엔 서울에 이젠 얼마 안남은 철길건널목이 있다. 만약 일본의 도쿄나 오사카 등의 철길건널목의 감성을 따라 여행을 가려다 뭣같은 한일관계로 인해 티켓을 취소했다면 여기로 들러볼 것을 권한다. 여기서 약현성당쪽으로 걸으면 따릉이 정류장도 나오니 참고하고, 아 참고로 여유가 좀 더 되어서 서울로7017도 가봤다. 이쯤되면 서울시청에서도 뭔가 큰 결정을 내려야 할 거 같다는 생각, 안드나? #서울로그 #2019잘생겼다 #서소문역사공원 #따릉이 #서울로7017 #상품줘요 #징징",https://scontent-icn1-1.cdninstagram.com/vp/9c9fec8a5fac06f499df98c1125a9382/5DCE95FE/t51.2885-15/e35/66521552_456857871824829_3378960327607093791_n.jpg?_nc_ht=scontent-icn1-1.cdninstagram.com,https://scontent-icn1-1.cdninstagram.com/vp/45f29f783a37c1863bd8a28384fb0349/5DB90D45/t51.2885-15/e35/66442452_2399480133471785_8872434562916851941_n.jpg?_nc_ht=scontent-icn1-1.cdninstagram.com,https://scontent-icn1-1.cdninstagram.com/vp/1067f8290889cbc2d67636291aaaab2f/5D399D26/t51.2885-15/e35/65302908_440350903484621_7664453812499279563_n.jpg?_nc_ht=scontent-icn1-1.cdninstagram.com,https://scontent-icn1-1.cdninstagram.com/vp/0cd7466b847265f89810361b867546c8/5DCFFBA3/t51.2885-15/e35/67110239_2391678984436929_952853795455490852_n.jpg?_nc_ht=scontent-icn1-1.cdninstagram.com,https://scontent-icn1-1.cdninstagram.com/vp/428a157996d42f8aae3e4ddb4d2c3044/5DCEA925/t51.2885-15/e35/66449918_446191062632283_91598227540511052_n.jpg?_nc_ht=scontent-icn1-1.cdninstagram.com,https://scontent-icn1-1.cdninstagram.com/vp/396116f4f4bb47b78707bd8104faaa1b/5DAEC213/t51.2885-15/e35/65753162_149016166171435_3461949091988334996_n.jpg?_nc_ht=scontent-icn1-1.cdninstagram.com,https://scontent-icn1-1.cdninstagram.com/vp/fb2cc12a5321dcb85dcdf927e953ee05/5DCFE515/t51.2885-15/e35/66636592_1649254355217403_890367273420361261_n.jpg?_nc_ht=scontent-icn1-1.cdninstagram.com,https://scontent-icn1-1.cdninstagram.com/vp/94d1d7a759638a9d90d8065373e71f56/5DB45AEB/t51.2885-15/e35/67261008_356233165246371_4514912807766107268_n.jpg?_nc_ht=scontent-icn1-1.cdninstagram.com,https://scontent-icn1-1.cdninstagram.com/vp/de3be6aa15f0b25d2ed2f6bd54e26dcd/5DD23BDE/t51.2885-15/e35/67311627_2328142280847581_5144595553765620675_n.jpg?_nc_ht=scontent-icn1-1.cdninstagram.com
https://www.instagram.com/p/B0QOlmylwhV/,2019-07-23T09:04:03.000Z,https://scontent-icn1-1.cdninstagram.com/vp/fad9e98d367d7598e674a7052c86f145/5DC96739/t51.2885-15/e35/s1080x1080/67850473_1692381624239210_7257564473765342705_n.jpg?_nc_ht=scontent-icn1-1.cdninstagram.com,"새벽에 따릉이 타고 비상식적인 거리를 달렸다
다리가 맛이 간 것 같다
#따릉이 #한강 #세종대 #건대 #성수 #뚝섬 #성수 #장한평 #용마산 #아차산 #구의 #강변 #뚝섬유원지 #건대입구 #어린이대공원역",https://scontent-icn1-1.cdninstagram.com/vp/afcedf0b23396515c0da1ad88e485e28/5DE9905D/t51.2885-15/e35/s1080x1080/66643619_1288742021301599_7548550123155258171_n.jpg?_nc_ht=scontent-icn1-1.cdninstagram.com,https://scontent-icn1-1.cdninstagram.com/vp/26538dbecb2f91e96843b5da3a1a62da/5DAFA45C/t51.2885-15/e35/s1080x1080/66697256_1239403679564824_5108142238888992107_n.jpg?_nc_ht=scontent-icn1-1.cdninstagram.com,,,,,,,
https://www.instagram.com/p/B0QL4NYFDsx/,2019-07-23T08:40:23.000Z,https://scontent-icn1-1.cdninstagram.com/vp/0df34127afb69bdb70b6cf4449016761/5DB7307B/t51.2885-15/e35/p1080x1080/66436051_2313807852068155_6190138272657672274_n.jpg?_nc_ht=scontent-icn1-1.cdninstagram.com,"오늘도 변함없이 #따릉이 타고
미팅 다녀오기 가는 발걸음은 가볍게
오늘 따릉이 바구니에

요즘 #핵인싸 #영미떡볶이 가 똭~~~ #바이크포토 홈페이지에
배너가 똭~~~ 대회에 참가하시는 열혈 라이더 분들을 응원
그리고 그 모습을 찍어주는
#바이크포토맴버 후원~~~
해주기로 결정~~ 다양한 이벤트가 대회마다 있을 예정입니다~~ #스포츠포토라이프

#동부MTB
#여산김상승
#리스조이킹준
#아침이슬한유정
#좋은생각황병준
#오스카리
#쌍수르 (현재 해외 여행 및 촬영 중)

많은 응원과 관심 부탁드립니다",https://scontent-icn1-1.cdninstagram.com/vp/a36307ef5c9df65afcd06d1bd13eb75a/5DB4CC8A/t51.2885-15/e35/p1080x1080/67109330_492730984868936_816648437554640248_n.jpg?_nc_ht=scontent-icn1-1.cdninstagram.com,https://scontent-icn1-1.cdninstagram.com/vp/573330a01bb08caa02b5414372c63c0f/5DE1AD72/t51.2885-15/e35/p1080x1080/66490128_388150998502347_6100884926298168590_n.jpg?_nc_ht=scontent-icn1-1.cdninstagram.com,,,,,,,
https://www.instagram.com/p/B0QImquFYbM/,2019-07-23T08:11:46.000Z,https://scontent-icn1-1.cdninstagram.com/vp/e49bb9eaa26f2972299fa98946e19300/5DEE2120/t51.2885-15/e35/66818584_1299000440270913_1714637984946547349_n.jpg?_nc_ht=scontent-icn1-1.cdninstagram.com,"🚲
#실컷먹고 #한강 #따릉이 #쌩쌩 #여행스타그램
#햇빛 #쨍쨍 #한여름 #무더위 #상관없이 #잼잼 😆

같이 땀흘려준 승희언니 @s2un9_h 정말 고마워 💕
여러모로 다시 서울 살고 싶...🙄ㅋㅋ

#happy #vacation #thanks
#together #cycling #exciting 🎶",https://scontent-icn1-1.cdninstagram.com/vp/69958bef600adb6e73ffb648c77ff5bc/5D39CCF4/t51.2885-15/e35/66284913_807190603011768_3421764252844430060_n.jpg?_nc_ht=scontent-icn1-1.cdninstagram.com,https://scontent-icn1-1.cdninstagram.com/vp/258cb997c1170517cc0359839d42d264/5DADF153/t51.2885-15/e35/66616604_374076663251290_657076044571497821_n.jpg?_nc_ht=scontent-icn1-1.cdninstagram.com,https://scontent-icn1-1.cdninstagram.com/vp/90bdcf288400a4b907c669c8f1c37eca/5DB8D860/t51.2885-15/e35/66387065_116974182929062_3848787658488197447_n.jpg?_nc_ht=scontent-icn1-1.cdninstagram.com,https://scontent-icn1-1.cdninstagram.com/vp/0cb09132ff5c91430f8223adf8a6e1cc/5D3A3731/t51.2885-15/e35/67306493_406903743253114_3379780944657546465_n.jpg?_nc_ht=scontent-icn1-1.cdninstagram.com,,,,,
https://www.instagram.com/p/B0QH3QXB-62/,2019-07-23T08:05:18.000Z,https://scontent-icn1-1.cdninstagram.com/vp/f109c9fb4f8f34265c23bb4f44a859ca/5DB8759B/t51.2885-15/e35/65908574_743802556077327_2931031058338637776_n.jpg?_nc_ht=scontent-icn1-1.cdninstagram.com,"너무 습해서 아가미가 생겨버릴 것 같은 날씨!!!
#아가미 생김ㅋ",https://scontent-icn1-1.cdninstagram.com/vp/566c51fd300a70ea006ff2502fe1538e/5DCD1B1A/t51.2885-15/e35/66094723_543807586158054_7543789802756597846_n.jpg?_nc_ht=scontent-icn1-1.cdninstagram.com,,,,,,,,
https://www.instagram.com/p/B0QGKmNBEn3/,2019-07-23T07:50:28.000Z,https://scontent-icn1-1.cdninstagram.com/vp/f0d239c8e5ba7d887668029c7c8f9f3a/5DCA1000/t51.2885-15/e35/s1080x1080/66497210_1724159784558236_1851079294706278726_n.jpg?_nc_ht=scontent-icn1-1.cdninstagram.com,#따릉이,,,,,,,,,
https://www.instagram.com/p/B0P-M_9FOsB/,2019-07-23T06:40:53.000Z,https://scontent-icn1-1.cdninstagram.com/vp/f172a47f757c8511be8634edd2eab223/5DE3B486/t51.2885-15/e35/67012377_149900119459953_7717537797548489224_n.jpg?_nc_ht=scontent-icn1-1.cdninstagram.com,"주말에 따릉이🚲타고 야외데이트 하기 딱 좋아~🌳🌸💕
#자전거데이트 추천코스 베스트10
.
@@나랑 주말에 자전거 데이트 어때?🚲💕🥰
.
.
#따릉이 #따릉이데이트 #종로맛집 #종로구데이트 #종로데이트 #을지로맛집 #을지로카페 #을지로핫플 #을지로술집 #익선동맛집 #익선동카페 #익선동핫플 #익선동술집 #익선동골목 #삼청동카페 #삼청동맛집 #삼청동데이트 #서촌맛집 #서촌데이트 #신촌맛집 #광화문맛집 #연희동맛집",https://scontent-icn1-1.cdninstagram.com/vp/e473b27c1818f8e55449d64d6475c4a7/5DB6F67F/t51.2885-15/e35/66682416_1124132494456380_1467864760697658788_n.jpg?_nc_ht=scontent-icn1-1.cdninstagram.com,https://scontent-icn1-1.cdninstagram.com/vp/4a06b60dad151a8059186b234419f1b4/5DEC514A/t51.2885-15/e35/66451844_1532299606923847_8783844627051788348_n.jpg?_nc_ht=scontent-icn1-1.cdninstagram.com,https://scontent-icn1-1.cdninstagram.com/vp/2b6a58021b06d91d5cb1984ebbcf0fd6/5DD00367/t51.2885-15/e35/66339862_144952716601020_5926231732794438678_n.jpg?_nc_ht=scontent-icn1-1.cdninstagram.com,https://scontent-icn1-1.cdninstagram.com/vp/c1aa5966783c4bf04526ceaa6f35607e/5DD06A76/t51.2885-15/e35/66394467_157573982035695_691409523656581806_n.jpg?_nc_ht=scontent-icn1-1.cdninstagram.com,https://scontent-icn1-1.cdninstagram.com/vp/d8c86478a43e8fb66f1cf9ed055f5cee/5DCBFE81/t51.2885-15/e35/67073145_394256811212448_9185715356456260833_n.jpg?_nc_ht=scontent-icn1-1.cdninstagram.com,https://scontent-icn1-1.cdninstagram.com/vp/c3f9d2c84da394a40cc16a5df0ef1983/5DEB3BCA/t51.2885-15/e35/67238568_381550349170854_3967315012080804768_n.jpg?_nc_ht=scontent-icn1-1.cdninstagram.com,https://scontent-icn1-1.cdninstagram.com/vp/70335a5aa1ab5a40d321d3909fd73624/5DB015F7/t51.2885-15/e35/66261887_169009954137515_4257974414967261739_n.jpg?_nc_ht=scontent-icn1-1.cdninstagram.com,https://scontent-icn1-1.cdninstagram.com/vp/fc0e637cca2638d340fbd05b3ecc9121/5DE98CF6/t51.2885-15/e35/66332741_2331894563719906_243621781011607608_n.jpg?_nc_ht=scontent-icn1-1.cdninstagram.com,https://scontent-icn1-1.cdninstagram.com/vp/6b37de61b9c12c6e11ce306ab9c19d73/5DB8428F/t51.2885-15/e35/65856040_935282653485246_3465498639048709001_n.jpg?_nc_ht=scontent-icn1-1.cdninstagram.com
https://www.instagram.com/p/B0P8bUHhJgF/,2019-07-23T06:25:22.000Z,https://scontent-icn1-1.cdninstagram.com/vp/d9a3ee4db3796f6bf0710eb7dc623b8e/5DADE6E6/t51.2885-15/e35/67109682_117754482848601_3102136679940099026_n.jpg?_nc_ht=scontent-icn1-1.cdninstagram.com,"워킹맘의 출근법
#따릉이 타고 #분당선 타고 #전동킥보드 타고
.
.
#복직3주차 #피곤하지만 #사람꼴
#킥고잉 #21세기축지법 #킥고잉꿀잼",https://scontent-icn1-1.cdninstagram.com/vp/a84d7c14b6ea2c4d8515204e613c70dc/5DC7B2A8/t51.2885-15/e35/67122833_772858093116296_1457321977694555039_n.jpg?_nc_ht=scontent-icn1-1.cdninstagram.com,,,,,,,,
https://www.instagram.com/p/B0P7uFAF335/,2019-07-23T06:19:11.000Z,https://scontent-icn1-1.cdninstagram.com/vp/cc18149097553b760927364adfba83b8/5DEB9C5B/t51.2885-15/e35/s1080x1080/66821143_149396632796654_4196951793128438722_n.jpg?_nc_ht=scontent-icn1-1.cdninstagram.com,"더우니까 한강에 사람이 없다~!!
주중이라 없는건가!?ㅋㅋㅋ
.
.
.
#일상 #자전거 #따릉이 #자출 #한강 #라이딩 #bicycle #seoulbike #riding #hanriber #매미소리시작 #이제따릉이로출퇴근🚲",,,,,,,,,
https://www.instagram.com/p/B0P5CXypo1r/,2019-07-23T05:55:45.000Z,https://scontent-icn1-1.cdninstagram.com/vp/0c61f0f22c7a996c31830114acdf1e01/5DE712B2/t51.2885-15/e35/66373190_1765130713589572_7847139187009430235_n.jpg?_nc_ht=scontent-icn1-1.cdninstagram.com,".
.
극단 시지프의 정기공연
맥베스 시간의 무덤
무탈하게 잘 마무리했네요
많은 분들이 함께해주셨습니다
그저 감사하고
더 좋은 모습으로 다시 뵙길 기대합니다
.
.
화장품 협찬은 덤
오글거리는 홍보영상도 덤덤덤
#진정한내피부 #boyhood
.
.
#강배우 #뮤지컬 #연극 #영화 #드라마
#행사 #노래 #뮤지컬웨딩
#따릉이 #자전거
#traveler #여행 #travel #세계여행
#운동 #다이어트 #diet #비포에프터 #beforeafter #D_Ninety",https://scontent-icn1-1.cdninstagram.com/vp/58677d85adf672df6780eb3471ff22ce/5DEB9BC0/t51.2885-15/e35/66816552_135676434317579_5900369574819580200_n.jpg?_nc_ht=scontent-icn1-1.cdninstagram.com,https://scontent-icn1-1.cdninstagram.com/vp/f9244d1ec88ea59f96f0bcf06f697b8d/5DD51810/t51.2885-15/e35/66446674_359471441631871_5137488614062055005_n.jpg?_nc_ht=scontent-icn1-1.cdninstagram.com,https://scontent-icn1-1.cdninstagram.com/vp/7fe6e5121f61e8a7276a0ab9ab196fe4/5DE1D1E9/t51.2885-15/e35/67078488_181786949516690_8724391112129137275_n.jpg?_nc_ht=scontent-icn1-1.cdninstagram.com,https://scontent-icn1-1.cdninstagram.com/vp/3c7068f2f109f9e88f3e7357b96db4d7/5D39A319/t51.2885-15/e35/67520368_2416720731897575_4811796770734085791_n.jpg?_nc_ht=scontent-icn1-1.cdninstagram.com,,,,,
https://www.instagram.com/p/B0P41G_Aexu/,2019-07-23T05:53:56.000Z,https://scontent-icn1-1.cdninstagram.com/vp/8e569a123534ae1ac7d7fea025492f75/5DD3AB72/t51.2885-15/e35/s1080x1080/65837162_131551568095017_5963935437422216684_n.jpg?_nc_ht=scontent-icn1-1.cdninstagram.com,"🌉이건 내가 제일 좋아하는 야경🌉
내가 이 세상에서 행복하게 살아가고 있구나 느끼게 해주는 장면😂
#올림픽대교 #야경 #한강변 #따릉이 #퇴근길",,,,,,,,,
https://www.instagram.com/p/B0OWeWVjt12/,2019-07-22T15:34:29.000Z,https://scontent-icn1-1.cdninstagram.com/vp/ad590d922e522fe2f17b8b03ff8cb64f/5D39D5F5/t51.2885-15/e35/66218054_692746684488096_1581987875444953589_n.jpg?_nc_ht=scontent-icn1-1.cdninstagram.com,"in seoul
_
_
_
#중2 #15 #14 #피드꾸미기 #followforfollowback #fff #팔로우 #선팔 #맞팔 #언팔하면언팔 #좋아요 #좋아요테러 #좋반 #좋반댓 #소통 #소통해요 #인친 #인친환영 #창원 #마산 #dm #일상 #일상스타그램 #daily #데일리 #데일리스타그램 #서울 #여의도한강공원 #따릉이 #kbs",https://scontent-icn1-1.cdninstagram.com/vp/db779a9f5cf4a5ea59b88f469a331c2b/5DECDAE9/t51.2885-15/e35/66717401_431532567575648_3667083647790329667_n.jpg?_nc_ht=scontent-icn1-1.cdninstagram.com,https://scontent-icn1-1.cdninstagram.com/vp/ad7b078f7d07512c15fcaf2f3e1b0e34/5DEB5541/t51.2885-15/e35/66781091_358297731472461_337313002676629368_n.jpg?_nc_ht=scontent-icn1-1.cdninstagram.com,https://scontent-icn1-1.cdninstagram.com/vp/8a9468aac7e3eccfb762d7af21940a33/5DB41E74/t51.2885-15/e35/66289094_141467917055563_7097793821131883803_n.jpg?_nc_ht=scontent-icn1-1.cdninstagram.com,https://scontent-icn1-1.cdninstagram.com/vp/d3d81e00efb2df9447911a0b98179893/5DAF99C1/t51.2885-15/e35/67162771_856589728037885_2596702051767154162_n.jpg?_nc_ht=scontent-icn1-1.cdninstagram.com,https://scontent-icn1-1.cdninstagram.com/vp/247da03063f7a19a3ba6c1d2981a656c/5D39CE37/t51.2885-15/e35/67331750_2294276430826098_7838526581214619274_n.jpg?_nc_ht=scontent-icn1-1.cdninstagram.com,,,,
https://www.instagram.com/p/B0OHKl_geW_/,2019-07-22T13:20:43.000Z,https://scontent-icn1-1.cdninstagram.com/vp/8d8a188ce361398f7aadd1524ff51869/5DCA90D6/t51.2885-15/e35/p1080x1080/67119308_2346916882245710_2643530978751027573_n.jpg?_nc_ht=scontent-icn1-1.cdninstagram.com,".
업로드 끝
오늘 좋은 거 한가득 보고 잘 놀다 왔는데
아프리카 보고 어이가 없어서
올리는 사진 (핑계
김경딘이랑 욕해줘따 어후🤬🤬
ㅋㅋㅋ
ㅋㅋㅋㅋㅋㅋㅋㅋㅋ
ㅋㅋㅋㅋㅋㅋㅋㅋㅋㅋㅋㅋㅋ
조심히 내려가
언니 운동시켜줘서 고맙구🙄🙄🙄
.
#한강 #ARMYwithLETTER #여의도 #마리나선착장 #따릉이",https://scontent-icn1-1.cdninstagram.com/vp/573db693c61c5a30fd790fbe16e9d772/5DE83D4C/t51.2885-15/e35/p1080x1080/67202037_645155705961782_1052814683703109859_n.jpg?_nc_ht=scontent-icn1-1.cdninstagram.com,https://scontent-icn1-1.cdninstagram.com/vp/f1900a38b429d19a6f183028c61bc00e/5DD2556D/t51.2885-15/e35/p1080x1080/66665672_2339336329493284_3676745365955504538_n.jpg?_nc_ht=scontent-icn1-1.cdninstagram.com,https://scontent-icn1-1.cdninstagram.com/vp/eb939af99aba31b3f20722da621d7515/5D3A3B72/t51.2885-15/e35/66839455_359924561343968_5519455906534796704_n.jpg?_nc_ht=scontent-icn1-1.cdninstagram.com,https://scontent-icn1-1.cdninstagram.com/vp/b4a808828738603df2af9d1c862ae347/5DAEB2B7/t51.2885-15/e35/p1080x1080/67168276_2282497322010940_4950478183813766245_n.jpg?_nc_ht=scontent-icn1-1.cdninstagram.com,https://scontent-icn1-1.cdninstagram.com/vp/9b29e8576ea84afc973d2825754e0b12/5DE91719/t51.2885-15/e35/p1080x1080/66697766_370851496957817_5432018422203249662_n.jpg?_nc_ht=scontent-icn1-1.cdninstagram.com,https://scontent-icn1-1.cdninstagram.com/vp/9f7fdaf8a865352e122903e473cf84f6/5DB6F553/t51.2885-15/e35/p1080x1080/66271779_758757217875986_7144574615752213953_n.jpg?_nc_ht=scontent-icn1-1.cdninstagram.com,https://scontent-icn1-1.cdninstagram.com/vp/d99f88757269e3e55e683c31f9ab33a4/5DEB7CE5/t51.2885-15/e35/p1080x1080/67424073_1237407146438406_6254384810574618369_n.jpg?_nc_ht=scontent-icn1-1.cdninstagram.com,https://scontent-icn1-1.cdninstagram.com/vp/85410708b6817eeb865cbda471a36645/5DE94047/t51.2885-15/e35/p1080x1080/66891798_470636770415507_5288586929258530693_n.jpg?_nc_ht=scontent-icn1-1.cdninstagram.com,https://scontent-icn1-1.cdninstagram.com/vp/bf1cf138094faff18b83870f31188487/5DEAF31B/t51.2885-15/e35/p1080x1080/66278823_2071515356476984_4319977566952320884_n.jpg?_nc_ht=scontent-icn1-1.cdninstagram.com
https://www.instagram.com/p/B0KcB1rJlm7/,2019-07-21T03:06:04.000Z,https://scontent-icn1-1.cdninstagram.com/vp/b0eb56b5af04ff7b7efb49e72127f7cb/5DC9E937/t51.2885-15/e35/p1080x1080/66310628_130987524787506_218672615022864318_n.jpg?_nc_ht=scontent-icn1-1.cdninstagram.com,"#sundaymood 🐾
오늘도 틀려버린 기상청 ◟( ᵒ̴̶̷̥́ ·̫ ᵒ̴̶̷̣̥̀ ) ..),
이게 낮인지 오후인지 구분이안가는 날씨지만
별다방만큼 좋아하는 #illycoffee 생겨서 좋음 ◡̈⃝⃝ 독서클럽때 자주 애용해야겠어요 📚 (하품)
#따릉이 #회원권 #샌들문신설",https://scontent-icn1-1.cdninstagram.com/vp/626bc9cd9c10703b074463a490ccbfde/5DED7CCB/t51.2885-15/e35/p1080x1080/66363504_637096613442969_8464883798888801826_n.jpg?_nc_ht=scontent-icn1-1.cdninstagram.com,https://scontent-icn1-1.cdninstagram.com/vp/957b9f054d43e07678501299c4328e69/5DEDB32B/t51.2885-15/e35/p1080x1080/66489067_118086279480207_8067208301763165542_n.jpg?_nc_ht=scontent-icn1-1.cdninstagram.com,https://scontent-icn1-1.cdninstagram.com/vp/fa86b8d00207a91299b0708140153712/5DE2C7E7/t51.2885-15/e35/p1080x1080/67155566_737019150091221_305844211622671917_n.jpg?_nc_ht=scontent-icn1-1.cdninstagram.com,,,,,,
https://www.instagram.com/p/B0D9nVZAT19/,2019-07-18T14:44:51.000Z,https://scontent-icn1-1.cdninstagram.com/vp/9377adc2e445637201bc8f39c68bbad7/5DC811AE/t51.2885-15/e35/66390439_448708295713323_6373129185421628924_n.jpg?_nc_ht=scontent-icn1-1.cdninstagram.com,"지난주 금요일은 토네이도에 태풍이 올 것만 같은 구름이었는데 자전거 타기 진짜 좋은 날씨였어요
⠀
내일은... 35도라는데 못 타겠죠? 😭😭
⠀
따릉이 타고 싶은 날입니다 🚲",,,,,,,,,
https://www.instagram.com/p/Bz_smp3Bqdf/,2019-07-16T22:59:15.000Z,https://scontent-icn1-1.cdninstagram.com/vp/87c3f7422131dd2af7692bc97661b733/5DB89982/t51.2885-15/e35/s1080x1080/66471829_425478778049028_3328379091723694628_n.jpg?_nc_ht=scontent-icn1-1.cdninstagram.com,"요즘 런태기, 발태기 아니고 그냥 운태기🙉
.
쉬는 날이라고 회사까지 와준 동생😍
같이 러닝하려다가
따릉이 못타서 따릉이 벙 못오는 동생을 위해 자전거 알려주기!!
#따릉이제자2호
.
뿌듯하다
무에서 유를 창조한 느낌이랄까🤔
.
#한강 #따릉이 #자전거 #운태기 #운동다시시작",,,,,,,,,
https://www.instagram.com/p/Bz4Xzivn4_W/,2019-07-14T02:42:50.000Z,https://scontent-icn1-1.cdninstagram.com/vp/bcb4d4ccc0bc1873901707046536b994/5DEDF4DA/t51.2885-15/e35/66379291_356647558358266_4446544889916761679_n.jpg?_nc_ht=scontent-icn1-1.cdninstagram.com,"따릉이타다가 사람들이 사진찍길래 잠깐 멈춰서 찍구왔당💗
내년에는 일찍와야지이
능소화가 너무 이쁘네🌸🌸
꽃이 좋은걸 보니 이제 정말 나이가 들었나보다......🤣🤣
아니...근데... 포즈가 무슨.....
긴팔원숭이가 따로 없네┗(＾0＾)┓
⠀",,,,,,,,,
https://www.instagram.com/p/Bz4Qo6_lJli/,2019-07-14T01:40:13.000Z,https://scontent-icn1-1.cdninstagram.com/vp/4b25a0059fffa9a56c404c22a94faf6b/5DB21E79/t51.2885-15/e35/p1080x1080/65574139_2285853174867321_94885399860505122_n.jpg?_nc_ht=scontent-icn1-1.cdninstagram.com,"파리 따릉러ㅋ
24년만에 다시 찾은 이곳은
날씨도 좋고
기분도 좋고
아무튼 이래저래 좋았던거야
#파리
#에펠탑
#따릉이
#velib
따릉이와 쎌카봉만 있으면, 어디든 혼자 갈 수 있어 ㅋ",https://scontent-icn1-1.cdninstagram.com/vp/a9975d73492abe877fe295e7a5ea7469/5DE211CC/t51.2885-15/e35/p1080x1080/66225779_1089090981291139_2724934446898764315_n.jpg?_nc_ht=scontent-icn1-1.cdninstagram.com,https://scontent-icn1-1.cdninstagram.com/vp/f5629d8492c45db9ad2705e0a2873b4d/5DCB15AE/t51.2885-15/e35/p1080x1080/65398932_133380784542319_8054261104974907727_n.jpg?_nc_ht=scontent-icn1-1.cdninstagram.com,https://scontent-icn1-1.cdninstagram.com/vp/2f8a987449729803337f3be89e56e57d/5DEED6A1/t51.2885-15/e35/p1080x1080/65663828_901711900167230_6747334755721328686_n.jpg?_nc_ht=scontent-icn1-1.cdninstagram.com,https://scontent-icn1-1.cdninstagram.com/vp/76b081f80444e2804e3bb7732c2a4d66/5DCB7DF7/t51.2885-15/e35/p1080x1080/65310498_896369630719231_2867980558801839790_n.jpg?_nc_ht=scontent-icn1-1.cdninstagram.com,https://scontent-icn1-1.cdninstagram.com/vp/342c2b700e98bdeb3041a9d9db0ba44a/5DE15B34/t51.2885-15/e35/p1080x1080/66481559_2314200835511989_8375131524002550547_n.jpg?_nc_ht=scontent-icn1-1.cdninstagram.com,,,,
https://www.instagram.com/p/Bzw7TVCHsP_/,2019-07-11T05:19:05.000Z,https://scontent-icn1-1.cdninstagram.com/vp/2bb6129d2996b9b1fdd542c834d92d98/5DC98155/t51.2885-15/e35/62544391_382872195673859_3557332364703073103_n.jpg?_nc_ht=scontent-icn1-1.cdninstagram.com,"#서울무료자전거대여 #따릉이
장마로 미세먼지없이 깨끗해진 공기 마시면서
신나게 자전거 라이딩어때??😊💕
시원한 바람 맞으면서 데이트하기 딱 좋잖아👀
나랑 자전거 타러 갈래? @태그
.
.
.
#데이트코스 #커플여행 #서울맛집 #강남맛집 #강남카페 #신사동맛집 #신사맛집 #가로수길맛집 #가로수길카페 #이태원맛집 #종로맛집 #잠실맛집 #익선동맛집 #압구정맛집 #홍대맛집 #홍대카페 #좋아요 #맞팔 #선팔 #일상 #일상스타그램",https://scontent-icn1-1.cdninstagram.com/vp/92f287285dc7ed8ee0c974355a0329c5/5DAE8011/t51.2885-15/e35/65671692_2196280443802421_8390619674720908519_n.jpg?_nc_ht=scontent-icn1-1.cdninstagram.com,https://scontent-icn1-1.cdninstagram.com/vp/1c549ecfa52632501b6347a7287ff94f/5DCB671B/t51.2885-15/e35/65433084_487004085443951_292761412812194564_n.jpg?_nc_ht=scontent-icn1-1.cdninstagram.com,https://scontent-icn1-1.cdninstagram.com/vp/45073eb6ed07964a0a1cf94dc2c1b2a8/5DB632E6/t51.2885-15/e35/65303118_351475549098638_7875316920621264699_n.jpg?_nc_ht=scontent-icn1-1.cdninstagram.com,https://scontent-icn1-1.cdninstagram.com/vp/240808acedc9ecf63711e5078f042058/5DC76B97/t51.2885-15/e35/65420334_389482008344879_7855595948395469512_n.jpg?_nc_ht=scontent-icn1-1.cdninstagram.com,https://scontent-icn1-1.cdninstagram.com/vp/529d8af5162d70dc047c9e8c4c833ca0/5DD54A0B/t51.2885-15/e35/65210537_192617458395070_7951885074805874892_n.jpg?_nc_ht=scontent-icn1-1.cdninstagram.com,https://scontent-icn1-1.cdninstagram.com/vp/d626b19dbde67214118a10bf9b4ddfec/5DB2BB86/t51.2885-15/e35/65297930_2413502182048181_1275495193426413270_n.jpg?_nc_ht=scontent-icn1-1.cdninstagram.com,https://scontent-icn1-1.cdninstagram.com/vp/42a2cb8295e2d0217a31d88da43b5ac5/5DD28B3C/t51.2885-15/e35/64810075_2302008783391141_1967225071578557989_n.jpg?_nc_ht=scontent-icn1-1.cdninstagram.com,https://scontent-icn1-1.cdninstagram.com/vp/f95c55be14dac266070143460a8523de/5DB2E24A/t51.2885-15/e35/65971485_467585697375998_4247297807718203245_n.jpg?_nc_ht=scontent-icn1-1.cdninstagram.com,https://scontent-icn1-1.cdninstagram.com/vp/036588cf5b49b54b1f966847f549bcb4/5DECC5EF/t51.2885-15/e35/65119442_657536548059015_6151359123094931464_n.jpg?_nc_ht=scontent-icn1-1.cdninstagram.com
https://www.instagram.com/p/BzVHa5kFOTz/,2019-06-30T10:06:14.000Z,https://scontent-icn1-1.cdninstagram.com/vp/eb8714e6e907cc94b3705125c5c1cdf3/5DC7C4B5/t51.2885-15/e35/s1080x1080/65416404_146849899764694_9208329823693023986_n.jpg?_nc_ht=scontent-icn1-1.cdninstagram.com,"어제 따릉이 타뚜
#따릉이",,,,,,,,,